Neighborhood,Street,Address_1,Address_2,Intersection,From,To,Permittee,Contractor,Permit,Project_Category,Construction_Notes,Work_Schedule,ExpirationDate,Estimated_Completion_Date,Roadway_Plates_In_Use,Sidewalk_Plates_In_Use,Status,Trench_Length,Contact_Number,NumberOfWorkZones,District
ROXBURY,COLUMBUS AV,1990,,,,,MBTA,Newport Construction,EXCA-1113486,CAPITAL,MEDIAN REMOVAL/CREW WILL BE ON STAND BY DURING ENTIRE LENGTH OF THE STORM,Days & Weekends,Oct 23 2020 12:00AM,Apr 30 2021 12:00AM,,,ONGOING SECTIONS TOPPED TO GRADE,,617-222-5546,1,10B
ROXBURY,ELM HILL AV,2,25,,,,National Grid,FEENEY BRO,EXCA-1128342,NEW CONDUIT AND/OR MAIN,INSTALLATION OF GAS MAIN,Days & Weekends,Apr 29 2021 12:00AM,Apr 29 2021 12:00AM,,,IDLE,910,877-304-1203,1,10B
ROXBURY,ROXBURY ST,55,,,,,MBTA,Middlesex,EXCA-998318,NEW CONDUIT AND/OR MAIN,INSTALLATION OF TEST PITS (70) / DUCT BANK/,Days & Weekends,Apr 28 2021 12:00AM,Apr 28 2021 12:00AM,9,,PLATES PINNED & BERMED,,617-222-5546,1,10B
ROXBURY,WALNUT AV,215,249,,,,National Grid,Feeney Brothers Excavation,EXCA-1134727,NEW CONDUIT AND/OR MAIN,INSTALLATION OF GAS MAIN,Days & Weekends,Apr 29 2021 12:00AM,Apr 29 2021 12:00AM,9,,PLATES PINNED & BERMED,415,877-304-1148,1,10B
ROXBURY,CODMAN PK,,,,,,National Grid,Feeney Brothers Excavation,EXCA-1086760,NEW CONDUIT AND/OR MAIN,INSTALLATION OF GAS MAIN,Days & Weekends,May 29 2021 12:00AM,May  1 2021 12:00AM,,,TEMP FAILED,290,877-304-1203,1,10B
ROXBURY,BRINTON ST,1,31,,,,National Grid,Feeney Brothers Excavation,EXCA-1086769,NEW CONDUIT AND/OR MAIN,INSTALLATION OF GAS MAIN,Days & Weekends,May 29 2021 12:00AM,May  1 2021 12:00AM,,,ONGOING SECTIONS TOPPED TO GRADE,235,877-304-1203,1,10B
ROXBURY,TOWNSEND ST,1,15,CODMAN ST,,,National Grid,Feeney Brothers Excavation,EXCA-1086766,CAPITAL,GAS MAIN TIE IN,Days & Weekends,May 29 2021 12:00AM,May  1 2021 12:00AM,,,IDLE,,877-304-1203,1,10B
ROXBURY,KENDALL ST,3,,,,,National Grid,National Grid,EXCA-1175650,MAINTENANCE,CORROSION WORK,Days & Weekends,Apr 27 2021 12:00AM,Apr 30 2021 12:00AM,,,NO START,,877-304-1203,1,10B
ROXBURY,ELM HILL AV,120,,,,,Verizon,Danella Co,EXCA-1177696,MAINTENANCE,CONDUIT REPAIR,Days & Weekends,May  8 2021 12:00AM,May  8 2021 12:00AM,,,ON GOING,,800-446-8946,1,10B
ROXBURY,THORNTON ST,38,,,,,National Grid,National Grid,EMER-1155190,EMERGENCY,GAS LEAK REPAIR,Days & Weekends,Apr  9 2021 12:00AM,May  1 2021 12:00AM,2,,PLATES PINNED & UNBERMED,,877-304-1203,1,10B
ROXBURY,WARREN ST,,,,,,Eversource Electric,Sheerin Construction,EMER-1179329,EMERGENCY,CABLE REPLACEMENT,Days & Weekends,Apr 14 2021 12:00AM,May  1 2021 12:00AM,,,NO START,,800-592-2000,1,10B
ROXBURY,TREMONT ST,1350,,,,,Eversource Electric,Riley Brothers,EXCA-1179562,NEW CONDUIT AND/OR MAIN,INSTALLATION OF CONDUIT,Nights,May 13 2021 12:00AM,May 13 2021 12:00AM,0,,DOWN IN BINDER,410,800-592-2000,1,10B
ROXBURY,TREMONT ST,1350,,,,,Boston Water & Sewer Commission,Umbro & Sons Construction,EXCA-1047200,MAINTENANCE,CASTING REPAIR / NEIGHBORHOOD PERMIT,Days & Weekends,Apr 22 2021 12:00AM,May  1 2021 12:00AM,,,NO START,,617-989-7000,1,10B
ROXBURY,ELM HILL AV,48,,,,,Verizon,Danella Co,EXCA-1180428,NEW CONDUIT AND/OR MAIN,INSTALLATION OF CONDUIT,Days & Weekends,May 15 2021 12:00AM,May 15 2021 12:00AM,,,IDLE/TEMP TO GRADE,120,800-446-8946,1,10B
ROXBURY,WARREN ST,300,,CLIFFORD ST,,,Eversource Electric,Sheerin Construction,EMER-1179342,EMERGENCY,MANHOLE REPAIR,Nights,Apr 20 2021 12:00AM,May  1 2021 12:00AM,0,,TEMP TO GRADE,,800-592-2000,1,10B
ROXBURY,CEDAR ST,18,,,,,National Grid,National Grid,EXCA-1182051,SERVICE,INSTALLATION OF GAS SERVICE,Days & Weekends,May 19 2021 12:00AM,May 19 2021 12:00AM,,,NO START,,877-304-1203,1,10B
ROXBURY,CLIFFORD ST,18,,,,,Keash Excavating Inc,Keash Exc Inc,EMER-0000000,EMERGENCY,SEWER REPAIR,Days & Weekends,Apr 23 2021 12:00AM,May  1 2021 12:00AM,,,ON GOING ON PVT PROP,,857-231-1171,1,10B
ROXBURY,WALNUT AV,73,131,,,,National Grid,Feeney Brothers Excavation,EXCA-1181382,NEW CONDUIT AND/OR MAIN,INSTALLATION OF GAS MAIN,Days & Weekends,May 18 2021 12:00AM,May 18 2021 12:00AM,4,,PLATES PINNED & BERMED,713,877-304-1203,1,10B
ROXBURY,MONTROSE ST,2,33,,,,Boston Water & Sewer Commission,BWSC,EXCA-1181269,MAINTENANCE,PERM TRENCH REPAIR,Days & Weekends,Apr 30 2021 12:00AM,May  1 2021 12:00AM,,,ONGOING SECTIONS TOPPED TO GRADE,,617-989-7000,1,10B
ROXBURY,WALNUT AV,286,,,,,National Grid,Feeney Brothers Excavation,EXCA-0000000,SERVICE,REPLACE MH W/DOUBLE DOORS IN SDWK,Days & Weekends,Apr 30 2021 12:00AM,Apr 30 2021 12:00AM,,,ONGOING SECTIONS TOPPED TO GRADE,,877-304-1203,1,10B
ROXBURY,WARREN ST,517,,,,,Eversource Electric,Riley Brothers,EXCA-227716,MAINTENANCE,OUTAGE REPAIR,Days & Weekends,Apr 30 2021 12:00AM,Apr 30 2021 12:00AM,,,ONGOING SECTIONS TOPPED TO GRADE,,617-989-7000,1,10B
ROXBURY,RUTHVEN ST,97,,,,,Boston Water & Sewer Commission,BWSC,EMER-1176467,EMERGENCY,SEWER REPAIR,Days & Weekends,Apr 26 2021 12:00AM,May  1 2021 12:00AM,,,ONGOING SECTIONS TOPPED TO GRADE,,617-989-7000,1,10B
ROXBURY,RUTHVEN ST,71,,,,,National Grid,National Grid,EMER-1160721,EMERGENCY,GAS LEAK REPAIR,Days & Weekends,Apr 26 2021 12:00AM,May  1 2021 12:00AM,,,ONGOING SECTIONS TOPPED TO GRADE,,877-304-1203,1,10B
ROXBURY,VALE ST,0,,,,,Comcast,PV Barone,EXCA-1180665,SERVICE,INSTALLATION OF CONDUIT,Days & Weekends,May 13 2021 12:00AM,May 13 2021 12:00AM,,,DOWN IN BINDER,70,857-919-9355,1,10B
ROXBURY,THORNTON ST,188,,,,,Comcast,PV Barone,EXCA-1180661,SERVICE,RELOCATE CONDUIT,Days & Weekends,May 13 2021 12:00AM,May 13 2021 12:00AM,,,DOWN IN BINDER,65,857-919-9355,1,10B
ROXBURY,KEMBLE ST,85,,,,,"Sean Farrell Excavation, Inc.",Sean Farrell Excavation,EMER-0000000,EMERGENCY,FIREPIPE REPAIR,Days & Weekends,Apr 27 2021 12:00AM,Apr 30 2021 12:00AM,,2,PLATES PINNED & BERMED,,617-293 7660,1,10B
ROXBURY,COLUMBUS AV,1595,,,,,National Grid,National Grid,EMER-1160730,EMERGENCY,GAS LEAK REPAIR,Days & Weekends,Apr 29 2021 12:00AM,Apr 29 2021 12:00AM,,,ONGOING SECTIONS TOPPED TO GRADE,,877-304-1203,1,10B
ROXBURY,COLUMBUS AV,1922,,W WALNUT PK,,,National Grid,National Grid,,,,Days & Weekends,Apr 30 2021 12:00AM,Apr 30 2021 12:00AM,2,,PLATES PINNED & BERMED,,877-304-1203,1,10B
ROXBURY,CRAWFORD ST,29,,,,,Boston Water & Sewer Commission,Metro Equipment,EMER-1176478,EMERGENCY,LEAK REMOVAL,Days & Weekends,Apr 30 2021 12:00AM,Apr 30 2021 12:00AM,,,ONGOING SECTIONS TOPPED TO GRADE,,617-989-7000,1,10B
ROXBURY,GLEN RD,,,GLENSIDE AV,,,Boston Water & Sewer Commission,Umbro & Sons Construction,EXCA-1047191,MAINTENANCE,CASTING REPAIR,Days & Weekends,Nov 30 2021 12:00AM,Nov 30 2021 12:00AM,,,ONGOING SECTIONS TOPPED TO GRADE,,617-989-7000,1,10B
ROXBURY,HUMBOLDT,140,,,,,Eversource Electric,Eversource Electric,EMER-0000000,EMERGENCY,Emergency - Cable Repair,Days & Weekends,,,,,ONGOING MH,,800-592 2000,1,10B
ROXBURY,WASHINGTON ST,2990,,,,,Eversource Electric,Eversource Electric,EMER-0000000,EMERGENCY,Emergency - Cable Repair,Days & Weekends,,,,,ONGOING SECTIONS TOPPED TO GRADE,,800-592 2000,1,10B
ROXBURY,COLOUMBUS AV,1909,,,,,National Grid,National Grid,EMER-1160736,EMERGENCY,Grade 1 Gas Leak,Days & Weekends,,,,,ONGOING SECTIONS TOPPED TO GRADE,,877-304 1203,1,10B
ROXBURY,RUGGLES ST,180,,,,,Eversource Electric,Riley Brothers,EXCA-1185636,NEW CONDUIT AND/OR MAIN,INSTALLATION OF CONDUIT,Days & Weekends,Jun  8 2021 12:00AM,Jun  8 2021 12:00AM,,,ON GOING,113,800-592-2000,1,10B
ROXBURY,WASHINGTON ST,2300,,,,,Verizon,Danella,EXCA-1187876,MAINTENANCE,REPAIR CONDUIT,Days & Weekends,Jun  1 2021 12:00AM,Jun  1 2021 12:00AM,,,IDLE,,800-446-8946,1,10B
ROXBURY,WAUMBECK ST,78,80,,,,BWSC,Umbro & Sons Con,EXCA-1047191,MAINTENANCE,CASTING REPAIRS,Days & Weekends,Nov 30 2021 12:00AM,Nov 30 2021 12:00AM,,,,,617-989-7000,1,10B
ROXBURY,WASHINGTON ST,2374,,,,,BWSC,Metro Equipmenet Corp,EMER-1176485,EMERGENCY,LEAK ON SERVICE,Days & Weekends,May  5 2021 12:00AM,May  5 2021 12:00AM,,,,,617-989-7000,1,10B
ROXBURY,WASHINGTON ST ,2374,,,,,Boston Water & Sewer Commission,Metro Equipment Corp,EMER-1176485,EMERGENCY,Control Dig & Reset (Leak on Service),Days & Weekends,May  5 2021 12:00AM,,,,ONGOING SECTIONS TOPPED TO GRADE,,617-989-7000,1,10B
ROXBURY,HUTCHINGS,100,,,,,Eversource Electric,Mirra Company Co.,EXCA-227477,MAINTENANCE,PATCH REPAIR,Days & Weekends,,,,,IDLE/SDWK OPEN,,800-592-2000,1,10B
ROXBURY,COLUMBUS AV,623,,,,,National Grid,National Grid,EMER-000000,EMERGENCY,EMERGENCY CABLE REPAIR,Days & Weekends,May  5 2021 12:00AM,May  5 2021 12:00AM,,,NO START,,877-304-1203,1,10B
ROXBURY,WARREN ST,476,,,,,Atomic Ant Construction,Atomic Ant Construction,EXCA-1181301,SERVICE,CUT AND CAP,Days & Weekends,May 18 2021 12:00AM,May 18 2021 12:00AM,,,NO START,,,1,10B
ROXBURY,WALNUT AV,120,,,,,Boston Water & Sewer Commission,W Walsh,EXCA-1178645,CAPITAL,TEMP WATER BYPASS,Days & Weekends,,,,,ONGOING SECTIONS TOPPED TO GRADE,,617-989-7000,1,10B
ROXBURY,WARREN,394,,,,,Eversource Electric,Eversource Electric,EMER-1179353,EMERGENCY,Emergency - Cable Repair,Days & Weekends,May  7 2021 12:00AM,,,,NO START,,800-592 2000,1,10B
ROXBURY,WASHINGTON ST,2300,,,,,Verizon,Danella,EXCA-1187876,MAINTENANCE,CONDUIT REPAIR,Days & Weekends,Jun  1 2021 12:00AM,Jun  1 2021 12:00AM,,,ONGOING SECTIONS TOPPED TO GRADE,,,1,10B
MISSION HILL FENWAY,PARK DR,95,,,,,Eversource Electric,Sheerin Construction,EMER-1179354,EMERGENCY,Emergency - Manhole Structural Repair,Days & Weekends,May  7 2021 12:00AM,,,,ONGOING SECTIONS TOPPED TO GRADE,,800-592 2000,1,10A
MISSION HILL/FENWAY,WIGGLESWORTH ST,7,,,,,Keash Excavation,Keash Excavation,EXCA-1171159,SERVICE,INSTALLATION OF FIRE PIPE,Days & Weekends,Jun 13 2021 12:00AM,Jun 13 2021 12:00AM,3,,PLATES PINNED & BERMED,,857-231-1171,1,10A
MISSION HILL/FENWAY,MINER ST,,,OPP 7 & 16,,,Boston Public Works,Maverick Construction,EXCA-1184707,MAINTENANCE,INSTALL CONDUIT,Days & Weekends,May 27 2021 12:00AM,May 27 2021 12:00AM,,,ONGOING SECTIONS TOPPED TO GRADE,,,1,10A
MISSION HILL/FENWAY,JERSEY ST,63,,,,,Comcast,Mirra Co,EXCA-1099080,SERVICE,INSTALLATION OF CONDUIT,Weekends,May 18 2021 12:00AM,May 18 2021 12:00AM,,,ONGOING SECTIONS TOPPED TO GRADE,80,857-919-9355,1,10A
MISSION HIL/FENWAY,PETERBOROUGH ST,45,,,,,MT MAYO CORP,MT MAYO CORPORATION,EMER-0000000,EMERGENCY,Sewer Repair (Broken Sewer),Days & Weekends,May  3 2021 12:00AM,May  3 2021 12:00AM,,,ONGOING SECTIONS TOPPED TO GRADE,,1-617-586 52,1,10A
MISSION HILL/FENWAY,COMMONWEALTH AV,,,BROOKLINE AV,,,Eversource Electric,Riley Brothers,EXCA-1127918,MAINTENANCE,CONDUIT REPAIR,Nights,Apr 30 2021 12:00AM,Apr 30 2021 12:00AM,,6,PLATES BERMED,,800-592-2000,1,10A
MISSION HILL/FENWAY,HILLSIDE ST,2,,,,,Eversource Electric,Sheerin Construction,EXCA-227716,MAINTENANCE,MANHOLE RECONSTRUCTION,Days & Weekends,May  4 2021 12:00AM,Dec 31 2021 12:00AM,3,,PLATES PINNED & BERMED,,800-592-2000,1,10A
MISSION HILL/FENWAY,QUEENSBURY ST,,,,,,Extenet Systems,Waveguide,EMER-0000000,EMERGENCY,CABLE REPAIR,Days & Weekends,Apr 29 2021 12:00AM,Apr 29 2021 12:00AM,,,ONGOING SECTIONS TOPPED TO GRADE,,978-758-0208,1,10A
MISSION HILL/FENWAY,TREMONT ST,,,HOWARD ST,,,Eversource Electric,Eversource Electric,EMER-1043284,EMERGENCY,CABLE FAILURE,Days & Weekends,Apr 26 2021 12:00AM,May  1 2021 12:00AM,,,ONGOING SECTIONS TOPPED TO GRADE,,800-592-2000,1,10A
MISSION HILL/FENWAY,KILMARNOCK ST,,,VAN NESS,,,Verizon Wirelesss,Trek,EXCA-1175558,NEW CONDUIT AND/OR MAIN,INSTALLATION OF CONDUIT FOR STREET LIGHT POLE,Days & Weekends,Apr 24 2021 12:00AM,May  1 2021 12:00AM,,,ONGOING SECTIONS TOPPED TO GRADE,165,800-852-2671,1,10A
MISSION HILL/FENWAY,TREMONT ST,1305,,,,,National Grid,National Grid,EXCA-1180223,MAINTENANCE,CORROSION WORK,Days & Weekends,May 14 2021 12:00AM,May  1 2021 12:00AM,,,ONGOING SECTIONS TOPPED TO GRADE,,877-304-1203,1,10A
MISSION HILL/FENWAY,SOUTH WHITNEY ST,3,5,,,,C McGue Excavating,C McGue Excavating,EXCA-1175493,SERVICE,"INSTALLATION OF WATER, FIRE AND SEWER",Days & Weekends,Apr 29 2021 12:00AM,Apr 29 2021 12:00AM,,,ONGOING SECTIONS TOPPED TO GRADE,,617-778-8775,1,10A
MISSION HILL/FENWAY,PARKER ST,702,,,,,Eversource Electric,Mirra Co,EXCA-227381,SIDEWALK RESTORATION,SIDEWALK RESTORATION,Days & Weekends,Dec 31 2021 12:00AM,Dec 31 2021 12:00AM,,,ONGOING SECTIONS TOPPED TO GRADE,,800-592-2000,1,10A
MISSION HILL/FENWAY,PUBLIC ALLEY 901,,,,,,National Grid,National Grid,EXCA-115936,MAINTENANCE,GAS LEAK REPAIR,Days & Weekends,May  5 2021 12:00AM,May  5 2021 12:00AM,,,ONGOING SECTIONS TOPPED TO GRADE,,877-304-1203,1,10A
MISSION HILL/FENWAY,PUBLIC ALLEY 811,,,,,,Verizon,MPS,EXCA-1173682,MAINTENANCE,REPLACE 2 HANDHOLES,Days & Weekends,Apr 30 2021 12:00AM,Apr 30 2021 12:00AM,0,,ONGOING SECTIONS TOPPED TO GRADE,,800-446-8946,1,10A
MISSION HILL/FENWAY,PUBLIC ALLEY 810,,,,,,Verizon,Danella Co,EXCA-1173681,SERVICE,REPLACE EXISTING HANDHOLE,Days & Weekends,Apr 30 2021 12:00AM,Apr 30 2021 12:00AM,,,ONGOING SECTIONS TOPPED TO GRADE,,800-446-8946,1,10A
MISSION HILL/FENWAY,JERSEY ST,63,,,,,Comcast,Mirra Co,EXCA-1099080,MAINTENANCE,CONDUIT REPAIR,Weekends,Apr 18 2021 12:00AM,May  1 2021 12:00AM,,,ONGOING SECTIONS TOPPED TO GRADE,80,857-919-9355,1,10A
MISSION HILL/FENWAY,LOUIS PRANG ST,68,,,,,Waveguide,Commonwealth Construction,EXCA-993740,SERVICE,STREETLIGHT REMOVAL,Weekends,Apr  4 2021 12:00AM,May  1 2021 12:00AM,,,ONGOING SECTIONS TOPPED TO GRADE,,617-653-0010,1,10A
MISSION HILL/FENWAY,ST STEPHEN ST,57,109,,,,National Grid,National Grid,EXCA-1134583,NEW CONDUIT AND/OR MAIN,INSTALLATION OF GAS MAIN,Days & Weekends,Apr 27 2021 12:00AM,Jul  1 2021 12:00AM,5,,PLATES PINNED & BERMED,671,877-304-1203,1,10A
MISSION HILL/FENWAY,TREMONT ST,1558,,,,,National Grid,National Grid,EXCA-1163295,MAINTENANCE,GRADE 2 LEAK REPAIR,Days & Weekends,Mar 24 2021 12:00AM,May  1 2021 12:00AM,,,NO START,,877-304-1203,1,10A
MISSION HILL/FENWAY,IPSWICH ST,168,200,,BOYLSTON ST,VAN NESS ST,National Grid,Feeney Brothers Excavation,EXCA-1087751,NEW CONDUIT AND/OR MAIN,INSTALLATION OF GAS MAIN,Weekends,May  2 2021 12:00AM,May  2 2021 12:00AM,,,ONGOING SECTIONS TOPPED TO GRADE,450,877-304-1203,1,10A
MISSION HILL/FENWAY,BOYLSTON ST,1001,1074,,,,J. Derenzo Company,J. Derenzo Company,EXCA-1098225,NEW CONDUIT AND/OR MAIN,INSTALLATION OF WATER AND SEWER SERVICE/SHORING,Days & Weekends,May 22 2021 12:00AM,May  1 2021 12:00AM,,,ONGOING SECTIONS TOPPED TO GRADE,226,781-858-1657,1,10A
MISSION HILL/FENWAY,COMMONWEALTH AV,,,,,,Verizon Wireless,Riley Brothers,EXCA-1133367,MAINTENANCE,REROOF MANHOLE / REDESIGN ON HOLD,Days & Weekends,Dec  8 2020 12:00AM,Jun  1 2021 12:00AM,,6,PLATES BERMED,,800-852-2671,1,10A
EAST BOSTON,SARATOGA ST,9,100,,,,National Grid,Feeney Brothers Excavation,EXCA-1128346,NEW CONDUIT AND/OR MAIN,INSTALLATION OF NEW GAS MAIN,Days & Weekends,Apr 27 2021 12:00AM,Apr 27 2021 12:00AM,,,ONGOING SECTIONS TOPPED TO GRADE,,877-304-1203,1,09
EAST BOSTON,BENNINGTON ST,11,80,,,,National Grid,Feeney Brothers Excavation,EXCA-1131837,NEW CONDUIT AND/OR MAIN,INSTALLATION OF GAS MAIN,Days & Weekends,May 27 2021 12:00AM,May 27 2021 12:00AM,5,,PLATES PINNED & BERMED,768,877-304-1203,1,09
EAST BOSTON,CHELSEA ST,129,,,,,National Grid,National Grid,EXCA-1175688,MAINTENANCE,GAS LEAK REPAIR,Days & Weekends,Apr 27 2021 12:00AM,May 10 2021 12:00AM,,,NO START,,877-304-1203,1,09
EAST BOSTON,MAVERICK SQ,44,,,,,National Grid,National Grid,EXCA-1120735,MAINTENANCE,GAS LEAK REPAIR,Days & Weekends,May 13 2021 12:00AM,May 13 2021 12:00AM,,,NO START,,877-304-1203,1,09
EAST BOSTON,EAST EAGLE ST,300,,,,,J & J Contractors,J & J Contractors,EXCA-1096311,SERVICE,INSTALLATION OF WATER SEWER AND DRAIN CONNECTIONS FOR NEW POLICE STATION,Days & Weekends,Apr 30 2021 12:00AM,May 10 2021 12:00AM,1,,PLATES PINNED & BERMED,,978-423 6823,1,09
EAST BOSTON,DECATUR ST,,,LIVERPOOL ST,,,Boston Water & Sewer Commission,Umbro & Sons Construction,EXCA-1177335,NEW CONDUIT AND/OR MAIN,INSTALLATION OF DRAIN AND WATER MAINS,Days & Weekends,Jun  1 2021 12:00AM,Jun  1 2021 12:00AM,1,3,PLATES PINNED & BERMED,190,617-989-7000,1,09
EAST BOSTON,BENNNINGTON ST,58,,,,,Eversource Electric,Mirra Co,EMER-1179344,EMERGENCY,CABLE HIT BY CONTRACTOR,Days & Weekends,Apr 21 2021 12:00AM,May  1 2021 12:00AM,,,ONGOING SECTIONS TOPPED TO GRADE,,888-632-0931,1,09
EAST BOSTON,MERIDIAN ST,477,,,,,National Grid,Feeney Brothers Excavation,EXCA-1113097,MAINTENANCE,GAS LEAK REPAIR,Days & Weekends,Jun  3 2021 12:00AM,Jun  3 2021 12:00AM,1,,PLATES PINNED & BERMED,,877-304-1203,1,09
EAST BOSTON,BOARDMAN ST,11,,,,,National Grid,National Grid,EMER-0000000,EMERGENCY,GAS LEAK REPAIR,Days & Weekends,Apr 30 2021 12:00AM,May 10 2021 12:00AM,,,DOWN IN BINDER,,877-304-1203,1,09
EAST BOSTON,MAVERICK ST,287,,,,,Atlantic Coast Utilities,Atlantic Coast Utilities,,,,Days & Weekends,,Apr 27 2021 12:00AM,2,,PLATES PINNED & BERMED,,617-721 9393,1,09
EAST BOSTON,CONDOR ST,97,,,,,Hercules Drain,Hercules Drain,EXCA-1103876,SERVICE,INSTALLATION OF WATER,Days & Weekends,May 10 2021 12:00AM,May 10 2021 12:00AM,2,,PLATES PINNED & BERMED,,781-251 9744,1,09
EAST BOSTON,TRUSTMAN TR,24,,,,,National Grid,National Grid,EMER-1160727,EMERGENCY,GAS LEAK REPAIR,Days & Weekends,Apr 29 2021 12:00AM,May 15 2021 12:00AM,,,NO START,,877-304-1203,1,09
EAST BOSTON,SUMNER ST,164,,,,,EB Rotondi,EB Rotondi,EXCA-1146415,SERVICE,INSTALLATION OF WATER SEWER DRAIN AND FIREPIPE,Days & Weekends,May 19 2021 12:00AM,May 19 2021 12:00AM,3,,PLATES PINNED & BERMED,,781-248 6666,1,09
EAST BOSTON,BENNINGTON ST,690,,,,,National Grid,National Grid,EMER-1160725,EMERGENCY,GAS LEAK REPAIR,Days & Weekends,Apr 28 2021 12:00AM,,,,ONGOING SECTIONS TOPPED TO GRADE,,877-304 1203,1,09
EAST BOSTON,CHELSEA ST,337,,,,,Eversource Electric,Mirra Co,EXCA-227372,MAINTENANCE,CABLE REPAIR,Days & Weekends,Dec 31 2021 12:00AM,Dec 31 2021 12:00AM,,,ONGOING SECTIONS TOPPED TO GRADE,,800-592-2000,1,09
EAST BOSTON,MARION,,,,,,E.B. Rotondi & Sons Inc.,E.B. Rotondi & Sons Inc.,EXCA-1181739,SERVICE,INSTALLATION OF FIREPIPE,Days & Weekends,May 25 2021 12:00AM,May  7 2021 12:00AM,,,ONGOING SECTIONS TOPPED TO GRADE,,781-248 6666,1,09
EAST BOSTON,MAVERICK,273,,,,,Eversource Electric,Sheerin Construction,EMER-1179350,EMERGENCY,REROOF MANHOLE,Days & Weekends,Apr 27 2021 12:00AM,May  7 2021 12:00AM,2,,PLATES PINNED & BERMED,,800-592 2000,1,09
EAST BOSTON,BENNINGTON ST,1100,,,,,National Grid,Feeney Brothers Excavation,EXCA-1179967,SERVICE,INSTALLATION OF GAS SERVICE,Days & Weekends,May 13 2021 12:00AM,May 13 2021 12:00AM,7,,PLATES PINNED & BERMED,,877-304-1203,1,09
EAST BOSTON,EUTAW ST,,,MARION ST,,,E.B. Rotondi & Sons Inc.,E.B. Rotondi & Sons Inc.,EXCA-1181739,SERVICE,INSTALLATION OF FIREPIPE,Days & Weekends,May 25 2021 12:00AM,May 25 2021 12:00AM,3,,PLATES PINNED & BERMED,,781-248 6666,1,09
EAST BOSTON,MAVERICK ST,273,299,,,,Eversource Electric,Sheerin Construction,EMER-1179350,EMERGENCY,REFOOF MANHOLE,Days & Weekends,Mar 27 2021 12:00AM,May 10 2021 12:00AM,,,NO START,,800-592-2000,1,09
EAST BOSTON,CONDOR ST,0,,EAST EAGLE ST,,,Public Facilities,J & J Contractors,EXCA-1117788,NEW CONDUIT AND/OR MAIN,INSTALLATION OF DRAIN LINE FOR POLICE STATION,Days & Weekends,Apr 30 2021 12:00AM,May 10 2021 12:00AM,1,,PLATES PINNED & BERMED,20,978-423 6823,1,09
EAST BOSTON,LEXINGTON ST,44,,,,,National Grid,National Grid,EXCA-1177766,SERVICE,INSTALLATION OF GAS SERVICE,Days & Weekends,May  6 2021 12:00AM,May  6 2021 12:00AM,,,ONGOING SECTIONS TOPPED TO GRADE,,877-304-1203,1,09
EAST BOSTON,EUTAW ST,49,,,,,National Grid,National Grid,EXCA-1177776,SERVICE,INSTALLATION OF GAS SERVICE,Days & Weekends,May  6 2021 12:00AM,May  6 2021 12:00AM,,,ONGOING SECTIONS TOPPED TO GRADE,,877-304-1203,1,09
EAST BOSTON,BENNINGTON ST,229,,,,,Verizon,Danella,EXCA-1185332,NEW CONDUIT AND/OR MAIN,INSTALLATION OF CONDUIT,Days & Weekends,May 28 2021 12:00AM,May 28 2021 12:00AM,,,SAW CUT,343,800-446 8946,1,09
EAST BOSTON,ST EDWARD ST,43,45,,,,Boston Water & Sewer Commission,Umbro & Sons Con,EXCA-1047182,MAINTENANCE,CASTING REPAIRS,Days & Weekends,May 24 2021 12:00AM,May 24 2021 12:00AM,,,ONGOING SECTIONS TOPPED TO GRADE,,617-989-7000,1,09
EAST BOSTON,CHELSEA ST,430,,,,,Boston Water & Sewer Commission,Umbro & Sons Con,EXCA-1047182,MAINTENANCE,CASTING & MH REPAIR,Days & Weekends,May 24 2021 12:00AM,May 24 2021 12:00AM,,,ONGOING SECTIONS TOPPED TO GRADE,,617-989-7000,1,09
EAST BOSTON,BARNES AV,28,49,,,,Boston Water & Sewer Commission,Umbro & Sons Construction,EXCA-107182,MAINTENANCE,CASTING REPAIRS,Days & Weekends,May 24 2021 12:00AM,May 24 2021 12:00AM,,,ONGOING SECTIONS TOPPED TO GRADE,,617-989-7000,1,09
EAST BOSTON,LIVERPOOL ST,109,,,,,Boston Water & Sewer Commission,Umbro,EXCA-1177332,MAINTENANCE,CATCH BASIN REPAIR,Days & Weekends,Jun  1 2021 12:00AM,Jun  1 2021 12:00AM,,,ONGOING SECTIONS TOPPED TO GRADE,,,1,09
EAST BOSTON,LONDON ST,89,,,,,Boston Water & Sewer Commission,Umbro,EXCA-1177333,SERVICE,INSTALLATION OF NEW DRAIN,Days & Weekends,Jun  1 2021 12:00AM,Jun  1 2021 12:00AM,,,ONGOING SECTIONS TOPPED TO GRADE,,,1,09
EAST BOSTON,SARATOGOA ST ,645,,,,,Boston Water & Sewer Commission,C Naughton Corp,EMER-1184885,EMERGENCY,Sewer Repair (Broken Sewer),Days & Weekends,May  7 2021 12:00AM,,,,ONGOING SECTIONS TOPPED TO GRADE,,,1,09
EAST BOSTON,BROOKS,23,,,,,National Grid,National Grid,EXCA-1177759,MAINTENANCE,GAS LEAK REPAIR,Days & Weekends,May  7 2021 12:00AM,May  7 2021 12:00AM,,,ONGOING SECTIONS TOPPED TO GRADE,,877-304-1203,1,09
HYDE PARK,RIVER ST,,,,,,Comcast,P V Barone,EXCA-576372,MAINTENANCE,BAD PATCH REPAIR,Days & Weekends,May 31 2021 12:00AM,May 20 2021 12:00AM,,,ONGOING SECTIONS TOPPED TO GRADE,,857-919-9355,1,08
HYDE PARK,HYDE PARK AV,,,,,,RCN Beaco Com Llc,P V Barone,EXCA-1183188,MAINTENANCE,BAD PATCH REPAIR,Days & Weekends,May 25 2021 12:00AM,May 25 2021 12:00AM,,,ONGOING SECTIONS TOPPED TO GRADE,,,1,08
HYDE PARK,CENTRAL AV,,,,WEST ST,ARLINGTON ST,Eversource Gas,Eversource Gas,EXCA-1179453,NEW CONDUIT AND/OR MAIN,INSTALLATION OF GAS MAIN,Days & Weekends,May 13 2021 12:00AM,May 13 2021 12:00AM,1,,PLATES PINNED & BERMED,654,844-886 9349,1,08
HYDE PARK,HARVARD AV,,,WEBSTER ST,,,Boston Water & Sewer Commission,Umbro & Sons Construction,EXCA-1047188,MAINTENANCE,CASTING REPAIRS,Days & Weekends,May 10 2021 12:00AM,May 10 2021 12:00AM,,,ONGOING SECTIONS TOPPED TO GRADE,,617-989-7000,1,08
HYDE PARK,OSCEOLA ST ,45,,,,,Boston Water & Sewer Commission,Boston Water & Sewer Commi,EMER-1176468,EMERGENCY,Control Dig & Reset (Leak on Service),Days & Weekends,Apr 27 2021 12:00AM,Apr 27 2021 12:00AM,,,ONGOING SECTIONS TOPPED TO GRADE,,617-989 7000,1,08
HYDE PARK,WINBOROUGH ST,15,,,,,"Sean Farrell Excavation, Inc.","Sean Farrell Excavation, I",EMER-00000,EMERGENCY,SEWER REPAIR,Days & Weekends,Apr 29 2021 12:00AM,Apr 29 2021 12:00AM,,,ONGOING SECTIONS TOPPED TO GRADE,,617-293 7660,1,08
HYDE PARK,WASHINGTON ST,,,,,,Eversource Gas,Feeney Brothers Excavation,EXCA-1171291,NEW CONDUIT AND/OR MAIN,INSTALLATION OF GAS MAIN,Days & Weekends,May 13 2021 12:00AM,May 13 2021 12:00AM,3,,PLATES PINNED & BERMED,440,844-886-9649,1,08
HYDE PARK,DANA AV,,,,FOLSOM ST,HYDE PARK AV,Eversource Gas,Feeney Brothers Excavation,EXCA-1171758,NEW CONDUIT AND/OR MAIN,INSTALLATION OF GAS MAIN,Days & Weekends,May 13 2021 12:00AM,May 13 2021 12:00AM,2,,PLATES PINNED & BERMED,400,844-886-9649,1,08
HYDE PARK,SCRIBNER RD,,,,,,Eversource Gas,RJ Deveraux,EXCA-1179090,NEW CONDUIT AND/OR MAIN,INSTALLATION OF GAS MAIN,Days & Weekends,May 11 2021 12:00AM,May  1 2021 12:00AM,1,,PLATES PINNED & BERMED,225,844-886-9649,1,08
HYDE PARK,OSCEOLA ST,,,,,,Eversource Gas,RJ Devereaux,EXCA-1175078,NEW CONDUIT AND/OR MAIN,INSTALLATION OF GAS MAIN,Days & Weekends,Apr 29 2021 12:00AM,Jul  1 2021 12:00AM,,,ONGOING SECTIONS TOPPED TO GRADE,1000,844-886-9649,1,08
HYDE PARK,WESTMINSTER ST,,,,GREENWOOD SQ,HYDE PARK AV,Eversource Gas,RJ Devereaux,EXCA-1133431,NEW CONDUIT AND/OR MAIN,INSTALLATION OF GAS MAIN,Days & Weekends,Apr 13 2021 12:00AM,May  1 2021 12:00AM,1,,PLATES PINNED & BERMED,400,844-886-9649,1,08
HYDE PARK,RADCLIFFE RD,,,,RUSKINDALE RD,GREENFIELD RD,Eversource Gas,Feeney Brothers Excavation,EXCA-1165684,NEW CONDUIT AND/OR MAIN,INSTALLATION OF GAS MAIN,Days & Weekends,Apr 29 2021 12:00AM,May  1 2021 12:00AM,4,,PLATES PINNED & BERMED,440,844-886-9649,1,08
HYDE PARK,KOVEY CT,,,,,,Eversource Gas,Feeney Brothers Excavation,EXCA-1171295,NEW CONDUIT AND/OR MAIN,INSTALLATION OF GAS MAIN,Days & Weekends,May 13 2021 12:00AM,May  1 2021 12:00AM,,,ONGOING SECTIONS TOPPED TO GRADE,220,844-886-9649,1,08
HYDE PARK,RALDNE RD,,,,SILVIA CT,STONEHILL RD,Eversource Gas,Feeney Brothers Excavation,EXCA-1157957,NEW CONDUIT AND/OR MAIN,INSTALLATION OF GAS MAIN,Days & Weekends,May  1 2021 12:00AM,May  1 2021 12:00AM,,,ONGOING SECTIONS TOPPED TO GRADE,860,844-886-9649,1,08
HYDE PARK,RIVER ST,,,,VALLARO RD,ERNEST AV,Eversource Gas,RJ Devereaux,EXCA-1011748,NEW CONDUIT AND/OR MAIN,INSTALLATION OF GAS MAIN,Days & Weekends,Apr 26 2021 12:00AM,May  1 2021 12:00AM,,,ONGOING SECTIONS TOPPED TO GRADE,1053,844-886-9649,1,08
HYDE PARK,BELNEL RD,13,,,,,Eversource Gas,RJ Devereaux,EXCA1165689,NEW CONDUIT AND/OR MAIN,INSTALLATION OF GAS MAIN,Days & Weekends,Apr 29 2021 12:00AM,Apr 29 2021 12:00AM,,,ONGOING SECTIONS TOPPED TO GRADE,1720,844-886-9649,1,08
HYDE PARK,SOLARIS RD,,,,,,Eversource Gas,Eversource Gas,EXCA-1171759,NEW CONDUIT AND/OR MAIN,INSTALLATION OF GAS MAIN,Days & Weekends,May 13 2021 12:00AM,May 13 2021 12:00AM,1,,PLATES PINNED & BERMED,640,844-886-9649,1,08
HYDE PARK,MAPLE ST,0,,,OAK ST,RIVER ST,Eversource Gas,Feeney Brothers Excavation,EXCA-1177580,NEW CONDUIT AND/OR MAIN,INSTALLATION OF GAS MAIN,Days & Weekends,May  6 2021 12:00AM,May  6 2021 12:00AM,11,,PLATES PINNED & BERMED,280,844-886-9649,1,08
HYDE PARK,RUFFING ST,18,,,,,Eversource Gas,R.J Devereaux Corp,EXCA-1152514,NEW CONDUIT AND/OR MAIN,INSTALLATION OF GAS MAIN,Days & Weekends,May 25 2021 12:00AM,May  1 2021 12:00AM,,,ONGOING SECTIONS TOPPED TO GRADE,520,844-886-9649,1,08
HYDE PARK,RUSKINDALE RD,0,,,,,Eversource Gas,R.J Devereaux Corp,EXCA-1152647,NEW CONDUIT AND/OR MAIN,INSTALLATION OF GAS MAIN,Days & Weekends,May 25 2021 12:00AM,May  1 2021 12:00AM,,,ONGOING SECTIONS TOPPED TO GRADE,1080,844-886-9649,1,08
HYDE PARK,PLEASANT ST,,,,,,Eversource Gas,Feeney Brothers Excavation,EXCA-1152482,NEW CONDUIT AND/OR MAIN,INSTALLATION OF GAS MAIN,Days & Weekends,May 25 2021 12:00AM,May  1 2021 12:00AM,,,ONGOING SECTIONS TOPPED TO GRADE,1040,844-886-9649,1,08
HYDE PARK,SILVIA CT,2,,,,,Eversource Gas,Feeney Brothers Excavation,EXCA-1152646,NEW CONDUIT AND/OR MAIN,INSTALLATION OF GAS MAIN,Days & Weekends,May 25 2021 12:00AM,May  1 2021 12:00AM,,,ONGOING SECTIONS TOPPED TO GRADE,448,844-886-9649,1,08
HYDE PARK,RESERVATION RD,181,,,,,Eversource Gas,R.J Devereaux Corp,EXCA-1152645,NEW CONDUIT AND/OR MAIN,INSTALLATION OF GAS MAIN,Days & Weekends,May 25 2021 12:00AM,May  1 2021 12:00AM,,,ONGOING SECTIONS TOPPED TO GRADE,900,844-886-9649,1,08
SOUTH DORCHESTER/MATTAPAN,WOODROW AV,,,NEW ENGLAND AV,,,National Grid,Feeney Brothers Excavation,EXCA-1130153,NEW CONDUIT AND/OR MAIN,INSTALLATION OF GAS MAIN,Days & Weekends,May 27 2021 12:00AM,May  1 2021 12:00AM,7,2,PLATES PINNED & BERMED,100,877-304-1203,1,07
SOUTH DORCHESTER/MATTAPAN,ATHERSTONE ST,11,,,,,National Grid,National Grid,EMER-1064645,EMERGENCY,GRADE 1 GAS LEAK,Days & Weekends,Jan 25 2021 12:00AM,Jan 25 2021 12:00AM,,,ONGOING SECTIONS TOPPED TO GRADE,,877-304-1203,1,07
SOUTH DORCHESTER/MATTAPAN,RIVER ST,490,,,,,J. Derenzo Company,J. Derenzo Company,EXCA-1150375,SERVICE,SEWER SERVICE TIE IN FOR MATTAPAN STATION,Days & Weekends,Apr 17 2021 12:00AM,May  1 2021 12:00AM,,1,HARD WORK ZONE,,508-509-4879,1,07
SOUTH DORCHESTER/MATTAPAN,FRANKLIN HILL AV,1,5,,,,National Grid,Feeney Brothers Excavation,EXCA-838161,NEW CONDUIT AND/OR MAIN,INSTALLATION OF GAS MAIN,Days & Weekends,May 15 2021 12:00AM,May  1 2021 12:00AM,5,,PLATES PINNED & BERMED,190,877-304-1203,1,07
SOUTH DORCHESTER/MATTAPAN,ROCKINGHAM AV,,,,,,National Grid,Feeney Brothers Excavation,EXCA-1088587,NEW CONDUIT AND/OR MAIN,INSTALLATION OF GAS MAIN,Days & Weekends,May 15 2021 12:00AM,May 15 2021 12:00AM,,,ONGOING SECTIONS TOPPED TO GRADE,95,877-304-1203,1,07
SOUTH DORCHESTER/MATTAPAN,GREENOCK ST,,,,,,National Grid,Feeney Brothers Excavation,EXCA-838163,NEW CONDUIT AND/OR MAIN,INSTALLATION OF GAS MAIN,Days & Weekends,May 15 2021 12:00AM,May  1 2021 12:00AM,2,,PLATES PINNED & BERMED,735,877-304-1203,1,07
SOUTH DORCHESTER/MATTAPAN,TALBOT AV,1,100,,,,National Grid,Feeney Brothers Excavation,EXCA-1094021,NEW CONDUIT AND/OR MAIN,INSTALLATION OF GAS MAIN/HARD WORK ZONE,Days & Weekends,May 16 2021 12:00AM,May 16 2021 12:00AM,,,ONGOING SECTIONS TOPPED TO GRADE,1500,877-304-1203,1,07
SOUTH DORCHESTER/MATTAPAN,CUMMINS HY,548,,,,,National Grid,Feeney Brothers Excavation,EXCA-1045923,NEW CONDUIT AND/OR MAIN,INSTALLATION OF GAS MAIN,Days & Weekends,May 15 2021 12:00AM,May  1 2021 12:00AM,11,,PLATES PINNED & BERMED,1182,877-304-1203,1,07
SOUTH DORCHESTER/MATTAPAN,TENEAN ST,33,100,,,,National Grid,Feeney Brothers Excavation,EXCA-838148,NEW CONDUIT AND/OR MAIN,INSTALLATION OF GAS MAIN,Nights,May  9 2021 12:00AM,May  9 2021 12:00AM,5,,PLATES PINNED & BERMED,1750,877-304-1203,1,07
SOUTH DORCHESTER/MATTAPAN,CUMMINS HY,633,800,,,,National Grid,Feeney Brothers Excavation,EXCA-1088596,NEW CONDUIT AND/OR MAIN,INSTALLATION OF GAS MAIN,Days & Weekends,May 15 2021 12:00AM,May 15 2021 12:00AM,6,,PLATES PINNED & BERMED,1142,877-304-1203,1,07
SOUTH DORCHESTER/MATTAPAN,ADAMS ST,596,692,,,,National Grid,Feeney Brothers Excavation,EXCA-1111470,NEW CONDUIT AND/OR MAIN,INSTALLATION OF GAS MAIN,Days & Weekends,Apr 27 2021 12:00AM,Apr 30 2021 12:00AM,4,,PLATES PINNED & BERMED,850,877-304-1148,1,07
SOUTH DORCHESTER/MATTAPAN,MORTON ST,,,,,,National Grid,Feeney Brothers Excavation,EXCA-1094904,NEW CONDUIT AND/OR MAIN,MISC MAIN WORK/DCR RDWY,Days & Weekends,May  7 2021 12:00AM,May  7 2021 12:00AM,,,ONGOING SECTIONS TOPPED TO GRADE,,877-304-1148,1,07
SOUTH DORCHESTER/MATTAPAN,HARVARD ST,387,436,,,,National Grid,Feeney Brothers Excavation,EXCA-1079412,NEW CONDUIT AND/OR MAIN,INSTALLATION OF GAS MAIN,Days & Weekends,Mar 24 2021 12:00AM,May  1 2021 12:00AM,,1,PLATES BERMED,1025,877-304-1203,1,07
SOUTH DORCHESTER/MATTAPAN,BLUE HILL AV,1333,,,,,National Grid,National Grid,EMER-1155195,EMERGENCY,GAS LEAK REPAIR,Days & Weekends,Apr 13 2021 12:00AM,May  1 2021 12:00AM,2,,PLATES PINNED & BERMED,,877-304-1203,1,07
SOUTH DORCHESTER/MATTAPAN,BLUE HILL AV,1333,,,,,National Grid,National Grid,EMER-1155188,EMERGENCY,GAS LEAK REPAIR,Days & Weekends,Apr 10 2021 12:00AM,May  1 2021 12:00AM,2,,PLATES PINNED & BERMED,,877-304-1203,1,07
SOUTH DORCHESTER/MATTAPAN,HARVARD ST,360,,,,,National Grid,National Grid,EMER-1158699,EMERGENCY,GAS LEAK REPAIR,Days & Weekends,Apr 26 2021 12:00AM,May  1 2021 12:00AM,,,ONGOING SECTIONS TOPPED TO GRADE,,877-304-1203,1,07
SOUTH DORCHESTER/MATTAPAN,BLUE HILL AV,1184,,,,,National Grid,Feeney Brothers Excavation,EXCA-1053841,NEW CONDUIT AND/OR MAIN,INSTALLATION OF GAS MAIN,Days & Weekends,May 20 2021 12:00AM,May  1 2021 12:00AM,4,,PLATES PINNED & BERMED,359,877-304-1203,1,07
SOUTH DORCHESTER/MATTAPAN,MINOT ST,251,,,,,Ronan 953 LLC,Ronan 953 LLC,EXCA-1165679,SERVICE,INSTALLATION OF WATER SEWER FIREPIPE AND DRAIN,Days & Weekends,Apr  9 2021 12:00AM,May  1 2021 12:00AM,,,ONGOING SECTIONS TOPPED TO GRADE,,617-510-1013,1,07
SOUTH DORCHESTER/MATTAPAN,ADAMS ST,782,,,,,National Grid,National Grid,EXCA-1180921,MAINTENANCE,GAS LEAK REPAIR,Days & Weekends,May 15 2021 12:00AM,May 15 2021 12:00AM,,,ONGOING SECTIONS TOPPED TO GRADE,,877-304-1203,1,07
SOUTH DORCHESTER/MATTAPAN,STRATTON ST,57,,,,,Extenet,Commonwealth Con,EXCA-1181668,SERVICE,INSTALLATION OF CONDUIT,Days & Weekends,May 21 2021 12:00AM,May 21 2021 12:00AM,,,ONGOING SECTIONS TOPPED TO GRADE,,978-758-0208,1,07
SOUTH DORCHESTER/MATTAPAN,NORFOLK ST,64,,,,,National Grid,Feeney Brothers Excavation,EXCA-1176190,CAPITAL,INSTALLATION OF ENTRY PIT FOR MAIN WORK,Days & Weekends,May  2 2021 12:00AM,May  2 2021 12:00AM,4,3,PLATES PINNED & BERMED,,877-304-1203,1,07
SOUTH DORCHESTER/MATTAPAN,CUMMINGS HY,,,REXFORD ST,,,Eversource Electric,Eversource Electric,EMER-1178962,EMERGENCY,CABLE REPAIR,Days & Weekends,Apr 22 2021 12:00AM,May  1 2021 12:00AM,,,ONGOING SECTIONS TOPPED TO GRADE,,800-592-2000,1,07
SOUTH DORCHESTER/MATTAPAN,NORWOOD ST,20,,,,,National Grid,National Grid,EXCA-1175749,MAINTENANCE,GAS LEAK REPAIR,Days & Weekends,Apr 27 2021 12:00AM,Apr 27 2021 12:00AM,,,ONGOING SECTIONS TOPPED TO GRADE,,877-304-1203,1,07
SOUTH DORCHESTER/MATTAPAN,BALLOU AV,142,,,,,National Grid,National Grid,EXCA-1180324,MAINTENANCE,GAS LEAK REPAIR,Days & Weekends,May 14 2021 12:00AM,May 14 2021 12:00AM,2,,PLATES PINNED & BERMED,,877-304-1203,1,07
SOUTH DORCHESTER/MATTAPAN,RIVER ST,11,,,,,Eversource Electric,Eversource Electric,EMER-0000000,EMERGENCY,CABLE REPAIR,Days & Weekends,Apr 28 2021 12:00AM,Apr 28 2021 12:00AM,,,ONGOING SECTIONS TOPPED TO GRADE,,800-592 2000,1,07
SOUTH DORCHESTER/MATTAPAN,NORWOOD ST,20,,,,,National Grid,National Grid,EXCA-1175749,MAINTENANCE,ABANDON GAS SERVICE,Days & Weekends,Apr 27 2021 12:00AM,Apr 27 2021 12:00AM,,,ONGOING SECTIONS TOPPED TO GRADE,,877-304-1203,1,07
SOUTH DORCHESTER/MATTAPAN,WRENTHAM ST,32,,,,,BWSC,Metro Equipment Corp,EMER-1176483,EMERGENCY,,Days & Weekends,May  4 2021 12:00AM,May  4 2021 12:00AM,,,,,617-989-7000,1,07
SOUTH DORCHESTER /MATTAPAN,FAIRLAWN AV,8,,,,,Boston Water & Sewer Commission,Boston Water & Sewer Commi,EMER-1176482,EMERGENCY,Water Main Repair (Leak on Main),Days & Weekends,May  4 2021 12:00AM,May  4 2021 12:00AM,,,ONGOING SECTIONS TOPPED TO GRADE,,1-617-989 70,1,07
SOUTH DORCHESTER/MATTAPAN,RIVER ST,500,,,,,National Grid,National Grid,EMER-1160734,EMERGENCY,GRADE 1 GAS LEAK,Days & Weekends,Apr 30 2021 12:00AM,Apr 30 2021 12:00AM,,,ONGOING SECTIONS TOPPED TO GRADE,,877-304-1203,1,07
SOUTH DORCHESTER  MATTAPAN,CALLENDAR ST,,,,,,Boston Water & Sewer Commission,Umbro & Sons Construction,EXCA-1047196,MAINTENANCE,CASTING REPAIR,Days & Weekends,Nov 30 2021 12:00AM,May 15 2021 12:00AM,,,ONGOING SECTIONS TOPPED TO GRADE,,617-989-7000,1,07
SOUTH DORCHESTER/MATTAPAN,BALLOU ST,,,,,,National Grid,National Grid,EXCA-1180324,MAINTENANCE,GAS LEAK REPAIR,Days & Weekends,May 14 2021 12:00AM,May 14 2021 12:00AM,,,ONGOING SECTIONS TOPPED TO GRADE,,877-304-1203,1,07
SOUTH DORCHESTER/MATTAPAN,BALLOU AV,28,152,,WOODROW AV,MOUNTAIN AV,National Grid,Feeney Brothers,EXCA-1190104,NEW CONDUIT AND/OR MAIN,INSTALLATION OF GAS MAIN,Days & Weekends,Jun  5 2021 12:00AM,Jun  5 2021 12:00AM,,,ONGOING SECTIONS TOPPED TO GRADE,1470,877-304-1203,1,07
SOUTH DORCHESTER /MATTAPAN,ARMADINE,1,,,,,Hercules C & G Drain,Hercules C & G Drain,EMER-000000,EMERGENCY,Sewer Repair (Broken Sewer),Days & Weekends,May  5 2021 12:00AM,May  5 2021 12:00AM,,,ONGOING SECTIONS TOPPED TO GRADE,,1-781-251 97,1,07
SOUTH DORCHESTER  MATTAPAN,RUGBY RD,,,CUMMIN HY,,,Eversource Electric,Eversource Electric,EMER-0000000,EMERGENCY,Cable Failure,Days & Weekends,May  5 2021 12:00AM,May  5 2021 12:00AM,,,ONGOING SECTIONS TOPPED TO GRADE,,1-800-592 20,1,07
SOUTH DORCHESTER  MATTAPAN,NORFOLK ST ,586,,,,,Boston Water & Sewer Commission,Metro Equipment Corp,EMER-1184886,EMERGENCY,Control Dig & Reset (Leak on Service),Days & Weekends,May  7 2021 12:00AM,,,,ONGOING SECTIONS TOPPED TO GRADE,,,1,07
WEST ROXBURY/ROSLINDALE,CENTRE ST,1833,,,,,Verizon,Danella,EXCA-1185200,NEW CONDUIT AND/OR MAIN,INSTALLATION OF CONDUIT,Days & Weekends,May 28 2021 12:00AM,May 28 2021 12:00AM,,,NO START,315,800-446-8946,1,06
WEST ROXBURY ROSLINDALE,VERMONT ST,270,,,,,Boston Water & Sewer Commission,Boston Water & Sewer Commi,EMER-1176067,EMERGENCY,Leak Repair (Leak on Street),Days & Weekends,May  5 2021 12:00AM,,,,ONGOING SECTIONS TOPPED TO GRADE,,617-989-7000,1,06
WEST ROXBURY/ROSLINDALE,FLETCHER ST,45,,,,,Boston Public Works,Maverick Construction,EXCA-1190169,MAINTENANCE,REPAIR CONDUIT,Days & Weekends,Jun  8 2021 12:00AM,Jun  8 2021 12:00AM,,,SAWCUTS,,,1,06
WEST ROXBURY ROSLINDALE,WASHINGTON ST,,,BRADEEN,,,Eversource Electric,Eversource Electric,EMER-0000000,EMERGENCY,Emergency - Cable Repair,Days & Weekends,May  7 2021 12:00AM,,,,ONGOING SECTIONS TOPPED TO GRADE,,800-592 2000,1,06
WEST ROXBURY/ROSLINDALE,CENTRE ST,1761,,,,,Comcast,PV Barone,EXCA-576403,MAINTENANCE,PATCH REPAIR,Days & Weekends,May 14 2021 12:00AM,May 14 2021 12:00AM,,,SAWCUTS,,,1,06
WEST ROXBURY/ROSLINDALE,VERMONT ST,270,,,,,Boston Water & Sewer Commission,C Naughton Corp,EMER-1176067,EMERGENCY,Sewer Repair (Broken Sewer),Days & Weekends,May  5 2021 12:00AM,May  5 2021 12:00AM,,,ONGOING SECTIONS TOPPED TO GRADE,,1-617-989 70,1,06
WEST ROXBURY ROSLINDALE,AVERTON ST,,,,,,National Grid,Feeney Brothers,EXCA-1189740,SERIVCE,INSTALLATION OF GAS SERVICE,Days & Weekends,Jun  4 2021 12:00AM,Jul  1 2021 12:00AM,,,ONGOING SECTIONS TOPPED TO GRADE,,877-304-1203,1,06
WEST ROXBURY/ROSLINDALE,HYDE PARK AV,456,,,,,National Grid,National Grid,EXCA-933489,MAINTENANCE,GAS LEAK REPAIR,Days & Weekends,May 11 2021 12:00AM,May 11 2021 12:00AM,,,ONGOING SECTIONS TOPPED TO GRADE,,877-304-1203,1,06
WEST ROXBURY/ROSLINDALE,CHESBROUGH RD,36,,,,,National Grid,National Grid,EXCA-1187368,MAINTENANCE,GAS LEAK REPAIR,Days & Weekends,May 27 2021 12:00AM,May 27 2021 12:00AM,,,ONGOING SECTIONS TOPPED TO GRADE,,877-304-1203,1,06
WEST ROXBURY/ROSLINDALE,PERHAM ST,184,,,,,Boston Water & Sewer Commission,BWSC,EMER-1160735,EMERGENCY,Leak on Service,Days & Weekends,May  3 2021 12:00AM,May  3 2021 12:00AM,,,ONGOING SECTIONS TOPPED TO GRADE,,617-989-7000,1,06
WEST ROXBURY/ROSLINDALE,WASHINGTON ST ,5232,,,,,Boston Water & Sewer Commission,Boston Water & Sewer Commi,EMER-1176476,EMERGENCY,Dig in Doubt (Leak on Service),Days & Weekends,Apr 29 2021 12:00AM,Apr 29 2021 12:00AM,,,ONGOING SECTIONS TOPPED TO GRADE,,617-989 7000,1,06
WEST ROXBURY/ROSLINDALE,WENHAM ST ,89,,,,,Boston Water & Sewer Commission,Metro Equipment Corp,EMER-1176474,EMERGENCY,Control Dig & Reset (Leak on Service),Days & Weekends,Apr 29 2021 12:00AM,Apr 29 2021 12:00AM,,,ONGOING SECTIONS TOPPED TO GRADE,,617-989 7000,1,06
WEST ROXBURY ROSLINDALE,WASHINGTON ST,5016,,,,,Boston Water & Sewer Commission,Umbro & Sons Construction,EXCA-1047188,Reconstruction,CASTING REPAIR,Days & Weekends,May 11 2021 12:00AM,May 11 2021 12:00AM,,,NO START,,617-989 7000,1,06
WEST ROXBURY/ROSLINDALE,BELGRADE AV,426,,,,,Verizon,Danella Co,EXCA-1184523,NEW CONDUIT AND/OR MAIN,INSTALLATION OF CONDUIT,Days & Weekends,Apr 28 2021 12:00AM,Apr 28 2021 12:00AM,,,DOWN IN BINDER,110,800-446-8946,1,06
WEST ROXBURY/ROSLINDALE,MANTHORNE RD.,169,,,,,Verizon,Danella Co,EXCA-1184557,MAINTENANCE,REPAIR CONDUIT,Days & Weekends,Apr 29 2021 12:00AM,Apr 29 2021 12:00AM,,,ONGOING SECTIONS TOPPED TO GRADE,30,800-446-8946,1,06
WEST ROXBURY/ROSLINDALE,BEECH ST,255,,,,,Eversource Electric,Riley Brothers,EMER-1179348,EMERGENCY,SERVICE OUTAGE,Days & Weekends,Apr 26 2021 12:00AM,May  1 2021 12:00AM,,,ONGOING SECTIONS TOPPED TO GRADE,,800-592-2000,1,06
WEST ROXBURY ROSLINDALE,FLETCHER ST,45,,,,,Eversource Electric,Riley Brothers,EMER-1179349,EMERGENCY,CABLE REPLACEMENT,Days & Weekends,Apr 26 2021 12:00AM,May  1 2021 12:00AM,,,ONGOING SECTIONS TOPPED TO GRADE,,800-592-2000,1,06
WEST ROXBURY ROSLINDALE,STRATFORD ST,50,,,,,Eversource Electric,Riley Brothers,EMER-1179347,EMERGENCY,CABLE REPAIR,Days & Weekends,Apr 26 2021 12:00AM,May  1 2021 12:00AM,,,ONGOING SECTIONS TOPPED TO GRADE,,800-592-2000,1,06
WEST ROXBURY/ROSLINDALE,KIRK ST,20,,,,,Boston Public Works,Maverick Construction,EXCA-1180652,SERVICE,INSTALLATION OF 2 STREET LIGHT BASE,Days & Weekends,May 15 2021 12:00AM,May 15 2021 12:00AM,,,ONGOING SECTIONS TOPPED TO GRADE,,857-472-0105,1,06
WEST ROXBURY/ROSLINDALE,WASHINGTON ST,5098,,,,,Eversource Electric,Eversource Electric,EMER-0000000,EMERGENCY,CABLE REPAIR,Days & Weekends,Apr 28 2021 12:00AM,Apr 28 2021 12:00AM,,,ONGOING SECTIONS TOPPED TO GRADE,,800-592 2000,1,06
WEST ROXBURY/ROSLINDALE,BAKER ST,235,,GARDNER ST,,,Boston Water & Sewer Commission,Boston Water & Sewer Commi,EMER-1176469,EMERGENCY,Leak Repair (Leak on Street),Days & Weekends,Apr 27 2021 12:00AM,Apr 27 2021 12:00AM,,,ONGOING SECTIONS TOPPED TO GRADE,,617-989 7000,1,06
WEST ROXBURY ROSLINDALE,WALK HILL ST,16,,,,,Boston Water & Sewer Commission,Umbro & Sons Construction,EXCA-1047188,MAINTENANCE,CASTING REPAIR,Days & Weekends,May 11 2021 12:00AM,May 11 2021 12:00AM,,,ONGOING SECTIONS TOPPED TO GRADE,,617-989 7000,1,06
WEST ROXBURY ROSLINDALE,SOUTH ST,968,,,,,Boston Water & Sewer Commission,Metro Equipment Corp,EMER-117640,EMERGENCY,LEAK ON SERVICE,Days & Weekends,Apr 29 2021 12:00AM,Apr 29 2021 12:00AM,,,ONGOING SECTIONS TOPPED TO GRADE,,617-989 7000,1,06
WEST ROXBURY/ROSLINDALE,WASHINGTON ST,4981,5098,,,,Eversource Electric,Eversource Electric,EMER-1178953,EMERGENCY,CABLE REPAIR,Days & Weekends,Apr 17 2021 12:00AM,May  1 2021 12:00AM,,,ONGOING SECTIONS TOPPED TO GRADE,,800-592-2000,1,06
WEST ROXBURY/ROSLINDALE,LISZT ST,23,,,,,Boston Water & Sewer Commission,Metro Equipment Corp,EMER-1176057,EMERGENCY,LEAK REPAIR,Days & Weekends,Apr 19 2021 12:00AM,May  1 2021 12:00AM,,,ONGOING SECTIONS TOPPED TO GRADE,,617-989-7000,1,06
WEST ROXBURY/ROSLINDALE,LITTLEDALE ST,9,,,,,National Grid,National Grid,EXCA-1180371,MAINTENANCE,GAS LEAK REPAIR,Days & Weekends,May 14 2021 12:00AM,May 14 2021 12:00AM,,,NO START,,877-304-1203,1,06
WEST ROXBURY/ROSLINDALE,WHITFORD ST,11,,,,,Boston Water & Sewer Commission,Boston Water & Sewer Commi,EMER-1157269,EMERGENCY,Service Repair (Leak on Service),Days & Weekends,Apr 21 2021 12:00AM,May  1 2021 12:00AM,,,ONGOING SECTIONS TOPPED TO GRADE,,617-989-7000,1,06
WEST ROXBURY/ROSLINDALE,WASHINGTON ST,,,WILLET ST,,,Eversource Electric,Eversource Electric,EMER-1178954,EMERGENCY,EMERGENCY CABLE REPLACEMENT,Days & Weekends,Apr 19 2021 12:00AM,May  1 2021 12:00AM,,,ONGOING SECTIONS TOPPED TO GRADE,,800-592-2000,1,06
WEST ROXBURY ROSLINDALE,CREST ST,,,OPP 26,,,Boston Public Works,Maverick Construction,EXCA-1180647,SERVICE,INSTALLATION OF HANDHOLE & SDWK BASE,Days & Weekends,May 15 2021 12:00AM,May 15 2021 12:00AM,,,ONGOING SECTIONS TOPPED TO GRADE,,857-472-0105,1,06
WEST ROXBURY ROSLINDALE,POPLAR ST,442,,,,,National Grid,National Grid,EXCA-1182656,MAINTENANCE,CORROSION WORK,Days & Weekends,May 20 2021 12:00AM,May 20 2021 12:00AM,,,ONGOING SECTIONS TOPPED TO GRADE,,877-304-1203,1,06
WEST ROXBURY/ROSLINDALE,METROPOLITAN AV,214,,,,,National Grid,National Grid,EXCA-1175725,SERVICE,INSTALLATION OF GAS SERVICE,Days & Weekends,Apr 27 2021 12:00AM,Apr 30 2021 12:00AM,,,NO START,,877-304-1203,1,06
WEST ROXBURY/ROSLINDALE,MAPLEWOOD ST,36,,,,,K&K Excavation,K&K Excavation,EXCA-1172299,SERVICE,CUT AND CAP,Days & Weekends,Apr 20 2021 12:00AM,May  1 2021 12:00AM,,,NO START,,617-839-4798,1,06
WEST ROXBURY/ROSLINDALE,WELD ST,1,20,,,,National Grid,Feeney Brothers Excavation,EXCA-821948,NEW CONDUIT AND/OR MAIN,INSTALLATION OF GAS MAIN,Days & Weekends,May 13 2021 12:00AM,May 13 2021 12:00AM,,,ONGOING SECTIONS TOPPED TO GRADE,480,877-304-1203,1,06
WEST ROXBURY/ROSLINDALE,WASHINGTON ST,4851,,,,,Eversource Electric,Eversource Electric,EMER-1178950,EMERGENCY,CABLE REPLACEMENT,Days & Weekends,Apr 15 2021 12:00AM,May  1 2021 12:00AM,,,ONGOING SECTIONS TOPPED TO GRADE,,800-592-2000,1,06
WEST ROXBURY ROSLINDALE,CENTRE ST,,,,,,Comcast,P V Barone,EMER-1064863,EMERGENCY,CABLE REPLACEMENT,Days & Weekends,Apr 14 2021 12:00AM,May  1 2021 12:00AM,,,ONGOING SECTIONS TOPPED TO GRADE,,857-919-9355,1,06
WEST ROXBURY/ROSLINDALE,WASHINGTON ST,4112,,,,,,,UNKNOWN,SERVICE,SDWK OPEN,Days & Weekends,,May  1 2021 12:00AM,,,ONGOING SECTIONS TOPPED TO GRADE,,,1,06
WEST ROXBURY/ROSLINDALE,MENDUM ST,2,,,,,National Grid,Feeney Brothers Excavation,EXCA-1085415,NEW CONDUIT AND/OR MAIN,INSTALLATION OF GAS MAIN / TEST PITS,Days & Weekends,May 13 2021 12:00AM,May 13 2021 12:00AM,,,ONGOING SECTIONS TOPPED TO GRADE,965,877-304-1203,1,06
WEST ROXBURY/ROSLINDALE,WALTER ST,80,182,,,,National Grid,Feeney Brothers Excavation,EXCA-830563,NEW CONDUIT AND/OR MAIN,INSTALLATION OF GAS MAIN,Days & Weekends,Apr 15 2021 12:00AM,May  1 2021 12:00AM,0,,TOP TO GRADE,1515,877-304-1203,1,06
WEST ROXBURY/'ROSLINDALE,BOBOLINK ST,16,,,,,National Grid,Feeney Brothers Excavation,EXCA-1111449,NEW CONDUIT AND/OR MAIN,INSTALLATION OF GAS MAIN,Days & Weekends,May 24 2021 12:00AM,May  1 2021 12:00AM,,,DOWN IN BINDER,100,877-304-1203,1,06
WEST ROXBURY/ROSLINDALE,LAGRANGE ST,1,64,,,,National Grid,Feeney Brothers Excavation,EXCA-1119155,NEW CONDUIT AND/OR MAIN,INSTALLATION OF GAS MAIN,Days & Weekends,May 13 2021 12:00AM,May 13 2021 12:00AM,4,,PLATES PINNED & BERMED,878,877-304-1203,1,06
WEST ROXBURY/ROSLINDALE,HYDE PARK AV,605,750,,,,National Grid,Feeney Brothers Excavation,EXCA-1118608,NEW CONDUIT AND/OR MAIN,INSTALLATION OF GAS MAIN / TEST PITS,Days & Weekends,May 20 2021 12:00AM,May 20 2021 12:00AM,0,,TOP TO GRADE,1390,877-304-1203,1,06
WEST ROXBURY ROSLINDALE,RENDALL RD,2,27,,,,National Grid,Feeney Brothers Excavation,EXCA-1170821,NEW CONDUIT AND/OR MAIN,INSTALLATION OF GAS MAIN,Days & Weekends,May 10 2021 12:00AM,May  1 2021 12:00AM,1,,PLATES PINNED & BERMED,370,877-304-1203,1,06
WEST ROXBURY/ROSLINDALE,WELD ST,373,,,,,National Grid,National Grid,EXCA-1158973,MAINTENANCE,GAS LEAK REPAIR,Days & Weekends,Mar  4 2021 12:00AM,May  1 2021 12:00AM,3,,PLATES PINNED & BERMED,,877-304-1203,1,06
WEST ROXBURY/ROSLINDALE,WASHINGTON ST,4751,,,,,National Grid,Feeney Brothers Excavation,EXCA-1111446,CAPITAL,GAS MAIN TIE IN,Days & Weekends,May 23 2021 12:00AM,May  1 2021 12:00AM,,,ONGOING SECTIONS TOPPED TO GRADE,,877-304-1203,1,06
WEST ROXBURY/ROSLINDALE,WASHINGTON ST,4899,,,,,Verizon,Parkside Utility Con,EXCA-489375,MAINTENANCE,PATCH REPAIR / NEIGHBORHOOD PERMIT,Days & Weekends,May 25 2021 12:00AM,May  1 2021 12:00AM,,,ONGOING SECTIONS TOPPED TO GRADE,,800-446-8946,1,06
SOUTH BOSTON,CONGRESS ST,347,,,,,Crown Castle,Maverick Construction,EXCA-1176847,NEW CONDUIT AND/OR MAIN,INSTALLATION OF CONDUIT/HH,Weekends,May 27 2021 12:00AM,May 27 2021 12:00AM,,,ON HOLD,131,888-632-0931,1,05
SOUTH BOSTON,WEST FOURTH ST,447,,,,,Atlantic Coast Utilities,Atlantic Coast Utilities,EXCA-1158958,SERVICE,INSTALLATION OF WATER LINE / CUT AND CAP / ON HOLD,Days & Weekends,Mar  6 2021 12:00AM,May  1 2021 12:00AM,2,,PLATES PINNED & BERMED,,617-721 9393,1,05
SOUTH BOSTON,EAST BROADWAY,536,,,,,Atlantic Coast Utilities,Atlantic Coast Utilities,EXCA-1156269,SERVICE,INSTALLATION OF WATER SERVICES/ON HOLD,Days & Weekends,Feb 18 2021 12:00AM,May  1 2021 12:00AM,,,ONGOING SECTIONS TOPPED TO GRADE,,617-721 9393,1,05
SOUTH BOSTON,CONGRESS ST,,,B ST,,,Crown Castle,Phoenix Communications Inc,EMER-1134116,EMERGENCY,OCCUPANCY OUTAGE,Days & Weekends,Mar 19 2021 12:00AM,May  1 2021 12:00AM,,,ON HOLD,,888-632-0931,1,05
SOUTH BOSTON,DORCHESTER AV,,,WEST FOURTH ST,,,MBTA,Middlesex,EXCA-1011748,CAPITAL,INSTALLATION OF DUCTBANK,Days & Weekends,May 25 2021 12:00AM,May 25 2021 12:00AM,,,GROUND DOWN,,978-339-3417,1,05
SOUTH BOSTON,NORTHERN AV,22,105,FAN PIER,,,Eversource Electric,McCourt Construction,EXCA-1119714,NEW CONDUIT AND/OR MAIN,INSTALLATION OF CONDUIT AND MANHOLE,Days & Weekends,May 24 2021 12:00AM,May 25 2021 12:00AM,4,,PLATES PINNED & BERMED,800,800-592-2000,1,05
SOUTH BOSTON,SEAPORT BLVD,150,,,,,A A Will Corporation,A A Will Corporation,EXCA-1122725,SERVICE,INSTALLATION OF WATER PIPE SEWER AND DRAIN,Nights & Weekends,Jun  1 2021 12:00AM,Jul 15 2021 12:00AM,,,HARD WORK ZONE,,781-424-5189,1,05
SOUTH BOSTON,WEST BROADWAY,129,199,B ST,,,National Grid,Feeney Brothers Excavation,EXCA-1118552,NEW CONDUIT AND/OR MAIN,INSTALLATION OF GAS MAIN/BRIAN,Days & Weekends,May 11 2021 12:00AM,May 11 2021 12:00AM,4,,PLATES PINNED & BERMED,585,877-304-1203,1,05
SOUTH BOSTON,DORCHESTER ST,100,219,,,,National Grid,Feeney Brothers Excavation,EXCA-1118380,NEW CONDUIT AND/OR MAIN,INSTALLATION OF GAS MAIN,Days & Weekends,Jun  6 2021 12:00AM,Jun  6 2021 12:00AM,,,ONGOING SECTIONS TOPPED TO GRADE,1525,877-304-1203,1,05
SOUTH BOSTON,A ST,,,SILVER ST,,,National Grid,Feeney Brothers Excavation,EXCA-1090710,CAPITAL,INSTALLATION OF GAS MAIN TIE IN,Days & Weekends,May 27 2021 12:00AM,May 27 2021 12:00AM,8,2,PLATES PINNED & BERMED,,877-304-1203,1,05
SOUTH BOSTON,SEAPORT BLVD,140,,,,,Crown Castle,Phoenix Communications,EXCA-1172768,NEW CONDUIT AND/OR MAIN,INSTALLATION OF CONDUIT,Days & Weekends,May 23 2021 12:00AM,May 23 2021 12:00AM,,,ON HOLD,202,888-632-0931,1,05
SOUTH BOSTON,DORCHESTER AV,488,,,,,Eversource Electric,Sheerin Construction,EMER-1146365,,CASTING REPAIR,Days & Weekends,Mar 27 2021 12:00AM,May  1 2021 12:00AM,3,,PLATES PINNED & BERMED,,800-592-2000,1,05
SOUTH BOSTON,D ST,371,,,,,Eversource Electric,Riley Brothers,EXCA-1175722,SERVICE,INSTALLATION OF CONDUIT,Days & Weekends,May  1 2021 12:00AM,May  1 2021 12:00AM,,1,PLATES  BERMED,40,800-592-2000,1,05
SOUTH BOSTON,EAST FIFITH ST,720,,,,,Boston Public Works,Maverick Construction,EXCA-1180643,MAINTENANCE,CONDUIT REPAIR,Days & Weekends,May  1 2021 12:00AM,May  5 2021 12:00AM,1,,PLATES PINNED & BERMED,,857-472-0105,1,05
SOUTH BOSTON,DRY DOCK AV,22,,,,,National Grid,National Grid,EMER-1160720,EMERGENCY,GAS LEAK REPAIR,Days & Weekends,Apr 26 2021 12:00AM,May  1 2021 12:00AM,,,ONGOING SECTIONS TOPPED TO GRADE,,877-304-1203,1,05
SOUTH BOSTON,WEST BROADWAY,420,,,,,Boston Public Works,Boston Public Works,EXCA-,SERVICE,OWNER FOR PLATES ?,Days & Weekends,May  1 2021 12:00AM,May  1 2021 12:00AM,1,,PLATES PINNED & BERMED,,,1,05
SOUTH BOSTON,PIER FOUR BLVD,60,,,,,Comcast,Mirra Co,EXCA-1184516,MAINTENANCE,CONDUIT REPAIR,Days & Weekends,May 22 2021 12:00AM,May 22 2021 12:00AM,,,ONGOING SECTIONS TOPPED TO GRADE,,857-919-9355,1,05
SOUTH BOSTON,VIKING ST,8,,,,,National Grid,National Grid,EXCA-1160988,MAINTENANCE,ABANDON GAS SERVICE,Days & Weekends,May 11 2021 12:00AM,May  1 2021 12:00AM,,,ONGOING SECTIONS TOPPED TO GRADE,,877-304-1203,1,05
SOUTH BOSTON,DORCHESTER ST,147,,,,,National Grid,National Grid,EMER-1160723,EMERGENCY,GAS LEAK REPAIR,Days & Weekends,Apr 26 2021 12:00AM,May  1 2021 12:00AM,,,ONGOING SECTIONS TOPPED TO GRADE,,877-304-1203,1,05
SOUTH BOSTON,OLD COLONY AV,,,DORCHESTER AV,,,Eversource Electric,Eversource Electric,EMER-0000000,EMERGENCY,CABLE FAILURE,Days & Weekends,Apr 26 2021 12:00AM,May  1 2021 12:00AM,,,ONGOING SECTIONS TOPPED TO GRADE,,800-592-2000,1,05
SOUTH BOSTON,DORCHESTER,71,,,,,National Grid,National Grid,EMER-1160723,EMERGENCY,Grade 1 Gas Leak,Days & Weekends,Apr 27 2021 12:00AM,Apr 27 2021 12:00AM,,,ONGOING SECTIONS TOPPED TO GRADE,,877-304 1203,1,05
SOUTH BOSTON,DORCHESTER ST,126,,,,,Crown Castle,Maverick Construction,EXCA-1181754,MAINTENANCE,CONDUIT REPAIR,Days & Weekends,May 25 2021 12:00AM,May 25 2021 12:00AM,,,ONGOING SECTIONS TOPPED TO GRADE,300,888-632-0931,1,05
SOUTH BOSTON,EAST SIXTH ST ,605,,,,,Boston Water & Sewer Commission,C Naughton,EMER-1176481,EMERGENCY,Sewer Repair (Broken Sewer),Days & Weekends,May  1 2021 12:00AM,May  5 2021 12:00AM,,,ONGOING SECTIONS TOPPED TO GRADE,,617-989-7000,1,05
SOUTH BOSTON,I ST,88,,,,,Keash Excavating Inc,Keash Exc Inc,EMER-00000,EMERGENCY,Sewer Repair (Broken Sewer),Days & Weekends,May  4 2021 12:00AM,May  4 2021 12:00AM,4,,PLATES PINNED & BERMED,,1-857-231 11,1,05
SOUTH BOSTON,WEST FIRST ST,,,D ST,,,Eversource Electric,Eversource Electric,EMER-0000000,EMERGENCY,Cable Failure,Days & Weekends,May  4 2021 12:00AM,May  4 2021 12:00AM,,,ONGOING SECTIONS TOPPED TO GRADE,,1-800-592 20,1,05
SOUTH BOSTON,OLD HARBOR ST,27,,,,,Comcast,Comcast,EMER-1118666,EMERGENCY,,Days & Weekends,May 19 2021 12:00AM,May 19 2021 12:00AM,,,,,,1,05
SOUTH BOSTON,DORCHESTER AV,480,,,,,Eversource Electric,J Botti Co,EXCA-1177292,NEW CONDUIT AND/OR MAIN,REPLACED COLLAPSED CONDUIT / STARTED ON EMER,Days & Weekends,May 28 2021 12:00AM,May 28 2021 12:00AM,1,,PLATES PINNED & BERMED,,800-592-2000,1,05
SOUTH BOSTON,EAST SEVENTH ST,,,,,,National Grid,National Grid,EXCA 1187827,SERVICE,INSTALLATION OF GAS SERVICE,Days & Weekends,Jun  1 2021 12:00AM,Jun  1 2021 12:00AM,,,ONGOING SECTIONS TOPPED TO GRADE,,877-304-1203,1,05
SOUTH BOSTON,WEST BROADWAY,449,,,,,CT Construction,CT Construction,EXCA-1130678,SERVICE,INSTALLATION OF WATER SEWER AND FIREPIPE / CUT AND CAP,Days & Weekends,May 29 2021 12:00AM,May 29 2021 12:00AM,4,,PLATES PINNED & BERMED,,,1,05
SOUTH BOSTON,FARRAGUT RD,97,,,,,Eversource Electric,Mirra Company Co.,EXCA-1181291,SERVICE,INSTALLATION OF CONDUIT,Days & Weekends,May 18 2021 12:00AM,May 18 2021 12:00AM,,,ONGOING SECTIONS TOPPED TO GRADE,80,800-592-2000,1,05
SOUTH BOSTON,DORCHESTER ST,,,EAST EIGHT,,,Boston Water & Sewer Commission,Boston Water & Sewer Commi,EMER-1627534,EMERGENCY,Water Main Repair (Leak on Main),Days & Weekends,May  7 2021 12:00AM,,,,ONGOING SECTIONS TOPPED TO GRADE,,617-989 7000,1,05
SOUTH BOSTON,SUMMER ST,450,,,,,Eversource Electric,Eversource Electric,EMER-0000000,EMERGENCY,Emergency - Cable Repair,Days & Weekends,May  5 2021 12:00AM,May  5 2021 12:00AM,,,ONGOING SECTIONS TOPPED TO GRADE,,1-800-592 20,1,05
SOUTH BOSTON,JENKINS ST,28,,,,,Keash Excavating,Keash Excavating,EXCA-1170047,SERVICE,INSTALLATION OF FIREPIPE,Days & Weekends,May 13 2021 12:00AM,May 13 2021 12:00AM,2,,ONGOING SECTIONS TOPPED TO GRADE,,857-231-1171,1,05
ALLSTON/BRIGHTON,BRIGHTON AV,89,,,,,Eversource Electric,Riley Brothers,EXCA-1182011,NEW CONDUIT AND/OR MAIN,INSTALLATION OF CONDUIT,Days & Weekends,May 20 2021 12:00AM,May 20 2021 12:00AM,2,,PLATES PINNED & BERMED,98,800-592-2000,1,04
ALLSTON/BRIGHTON,BROOKS ST,99,,,,,National Grid,National Grid,EXCA-1180447,SERVICE,INSTALLATION OF GAS SERVICE,Days & Weekends,May 14 2021 12:00AM,May 14 2021 12:00AM,,,ONGOING SECTIONS TOPPED TO GRADE,,877-304-1203,1,04
ALLSTON/BRIGHTON,CAMBRIDGE ST,736,,,,,Verizon,Danella,EXCA-1189142,MAINTENANCE,REPLACE CONDUIT,Days & Weekends,Jun  3 2021 12:00AM,Jun  3 2021 12:00AM,,,ONGOING SECTIONS TOPPED TO GRADE,49,800-446-8946,1,04
ALLSTON/BRIGHTON,WALLINGFORD RD,24,,,,,National Grid,National Grid,EMER-1160742,EMERGENCY,GRADE 1 GAS LEAK,Days & Weekends,May  6 2021 12:00AM,May  6 2021 12:00AM,,,ONGOING SECTIONS TOPPED TO GRADE,,877-304-1203,1,04
ALLSTON/BRIGHTON,WASHINGTON ST,246,,,,,Verizon,Anderson Excavation,EXCA-1084901,NEW CONDUIT AND/OR MAIN,INSTALLATION OF CONDUIT,Days & Weekends,May 28 2021 12:00AM,May 28 2021 12:00AM,,,ONGOING SECTIONS TOPPED TO GRADE,115,800-446-8946,1,04
ALLSTON BRIGHTON,WALLINGFORD RD ,24,,,,,National Grid,National Grid,EMER-1160742,EMERGENCY,Grade 1 Gas Leak,Days & Weekends,May  7 2021 12:00AM,,,,ONGOING SECTIONS TOPPED TO GRADE,,877-304-1203,1,04
ALLSTON BRIGHTON,PARSONS ST,225,,,,,Boston Water & Sewer Commission,Boston Water & Sewer Commi,EMER-E117647,EMERGENCY,SEWER REPAIR,Days & Weekends,Apr 29 2021 12:00AM,Apr 29 2021 12:00AM,,,ONGOING SECTIONS TOPPED TO GRADE,,617-989 7000,1,04
ALLSTON/BRIGHTON,RESERVOIR RD,325,,,,,Landmark Utility,Landmark Utility,EXCA-1117324,SERVICE,INSTALLATION OF WATER SEWER AND FIREPIPE / CUT AND CAP,Days & Weekends,May 19 2021 12:00AM,May 19 2021 12:00AM,,,ONGOING SECTIONS TOPPED TO GRADE,,781-589 5730,1,04
ALLSTON/BRIGHTON,LINDEN ST,91,,,,,Landmark Utility,Landmark Utility,EXCA-1113206,SERVICE,INSTALLATION OF NEW SEWER,Days & Weekends,May 18 2021 12:00AM,May 18 2021 12:00AM,,,ONGOING SECTIONS TOPPED TO GRADE,,781-589 5730,1,04
ALLSTON/BRIGHTON,BRIGHTON AV,89,91,,,,Landmark Utility,Landmark Utility,EXCA-1184143,SERVICE,INSTALLATION OF NEW DRAIN,Days & Weekends,May 27 2021 12:00AM,May 27 2021 12:00AM,3,,PLATES PINNED & BERMED,,781-589 5730,1,04
ALLSTON BRIGHTON,GARDNER ST,15,,,,,Boston Water & Sewer Commission,Metro Equipment Co,EMER-1176480,EMERGENCY,Service Relay (Leak on Street),Days & Weekends,May  1 2021 12:00AM,,,,ONGOING SECTIONS TOPPED TO GRADE,,617-989-7000,1,04
ALLSTON BRIGHTON,WAVERLY ST,0,,,,,National Grid,National Grid,EXCA-1181743,MAINTENANCE,GAS LEAK REPAIR,Days & Weekends,May 18 2021 12:00AM,May 18 2021 12:00AM,,,ONGOING SECTIONS TOPPED TO GRADE,,877-304-1203,1,04
ALLSTON BRIGHTON,COMMONWEALTH AVE,1800,,,,,National Grid,National Grid,EXCA-1183173,MAINTENANCE,GAS LEAK REPAIR,Days & Weekends,May 20 2021 12:00AM,May 20 2021 12:00AM,,,ONGOING SECTIONS TOPPED TO GRADE,,877-304-1203,1,04
ALLSTON BRIGHTON,UPCREST RD,22,,,,,National Grid,National Grid,EXCA-1187922,MAINTENANCE,GAS LEAK REPAIR,Days & Weekends,Jun  1 2021 12:00AM,Jun  1 2021 12:00AM,,,ONGOING SECTIONS TOPPED TO GRADE,,877-304-1203,1,04
ALLSTON/BRIGHTON,WASHINGTON ST,160,,,,,Comcast,Mirra Co,EXCA-1086007,MAINTENANCE,CONDUIT REPAIR,Days & Weekends,May 19 2021 12:00AM,May 19 2021 12:00AM,,,ONGOING SECTIONS TOPPED TO GRADE,,857-919-9355,1,04
ALLSTON/BRIGHTON,BRIGHTON AV,89,91,,,,Landmark Utilities,Landmark Utilities,EXCA-1184143,SERVICE,INSTALLATION OF CONDUIT,Days & Weekends,May 18 2021 12:00AM,May 18 2021 12:00AM,,,ONGOING SECTIONS TOPPED TO GRADE,,781-589 5730,1,04
ALLSTON BRIGHTON,LINDEN ST,49,,,,,Landmark Utilities,Landmark Utilities,EXCA-1113206,SERVICE,INSTALLATION OF SEWER SERVICE,Days & Weekends,May 18 2021 12:00AM,May 18 2021 12:00AM,,,TO GRADE IN HMA,,781-589 5730,1,04
ALLSTON/BRIGHTON,BROOKS ST,20,,,,,National Grid,Feeney Brothers,EXCA-841180,NEW CONDUIT AND/OR MAIN,INSTALLATION OF REGULATOR PIT,Days & Weekends,May  6 2021 12:00AM,May  6 2021 12:00AM,1,,PLATES PINNED & BERMED,25,877-304-1203,1,04
ALLSTON/BRIGHTON,MARKET ST,,,WASHINGTON,,,Eversource Electric,G GREENE,EMER-1179343,MAINTENANCE,CABLE REPLACEMENT,Days & Weekends,Apr 12 2021 12:00AM,Apr 30 2021 12:00AM,3,,PLATES PINNED & BERMED,,800-592-2000,1,04
ALLSTON/BRIGHTON,NORTH BEACON ST,44,,,,,Eversource Electric,Riley Brothers,EXCA-1179770,NEW CONDUIT AND/OR MAIN,INSTALLATION OF CONDUIT,Days & Weekends,May 13 2021 12:00AM,May 13 2021 12:00AM,,,ONGOING SECTIONS TOPPED TO GRADE,143,800-592-2000,1,04
ALLSTON/BRIGHTON,BRIGHTON AV,140,,,,,Extenet Systems,NEECC,EXCA-1179541,SERVICE,INSTALLATION OF CONDUIT,Days & Weekends,May 12 2021 12:00AM,May 12 2021 12:00AM,,,ONGOING SECTIONS TOPPED TO GRADE,,978-758-0208,1,04
ALLSTON/BRIGHTON,CHESTNUT HILL AV,999,,,,,Extenet Systems,CCG,EXCA-964194,NEW CONDUIT AND/OR MAIN,INSTALLATION OF CONDUIT AND POLE FOUNDATION,Days & Weekends,Apr 27 2021 12:00AM,Apr 30 2021 12:00AM,,,ONGOING SECTIONS TOPPED TO GRADE,172,978-758-0208,1,04
ALLSTON/BRIGHTON,MARKET ST,435,,,,,Comcast,Mirra Co,EXCA-1174213,MAINTENANCE,CONDUIT REPAIR,Days & Weekends,Apr 23 2021 12:00AM,May  1 2021 12:00AM,,,ONGOING SECTIONS TOPPED TO GRADE,55,857-919-9355,1,04
ALLSTON/BRIGHTON,WAVERLY ST,25,,,,,National Grid,National Grid,EXCA-1181743,MAINTENANCE,CORROSION WORK,Days & Weekends,May 18 2021 12:00AM,May 18 2021 12:00AM,,,ONGOING SECTIONS TOPPED TO GRADE,,877-304-1203,1,04
ALLSTON/BRIGHTON,CHESTNUT HILL AV,325,375,,,,Extenet Systems,Commonwealth Construction,EXCA-1172030,SERVICE,INSTALLATION OF 2 HANDHOLES,Days & Weekends,Apr  2 2021 12:00AM,May  1 2021 12:00AM,,,ONGOING SECTIONS TOPPED TO GRADE,,978-758-0208,1,04
ALLSTON/BRIGHTON,TREMONT ST,143,,,,,Boston Water & Sewer Commission,BWSC,EMER-0000000,EMERGENCY,HYDRANT REPAIR,Days & Weekends,Apr  3 2021 12:00AM,May  1 2021 12:00AM,,,ONGOING SECTIONS TOPPED TO GRADE,,617-989-7000,1,04
ALLSTON BRIGHTON,COMMONWEALTH AV,,,BRIGHTON AV,,,Eversource Electric,Eversource Electric,EMER-0000000,EMERGENCY,CABLE REPAIR,Days & Weekends,Apr  7 2021 12:00AM,May  1 2021 12:00AM,,,ONGOING SECTIONS TOPPED TO GRADE,,800-592-2000,1,04
ALLSTON/BRIGHTON,HARVARD AV,,,,,,Eversource Electric,Mirra Co,EXCA-227466,SIDEWALK,SIDEWALK RESTORATION,Days & Weekends,Dec 31 2021 12:00AM,Dec 31 2021 12:00AM,,,ONGOING SECTIONS TOPPED TO GRADE,,800-592-2000,1,04
ALLSTON/BRIGHTON,LAKE ST,234,,,,,National Grid,National Grid,EXCA-1178321,MAINTENANCE,GAS LEAK REPAIR,Days & Weekends,May  7 2021 12:00AM,May  7 2021 12:00AM,,,ONGOING SECTIONS TOPPED TO GRADE,,877-304-1203,1,04
ALLSTON/BRIGHTON,HOBART ST,26,92,,,,National Grid,Feeney Brothers Excavation,EXCA-1128039,NEW CONDUIT AND/OR MAIN,INSTALLATION OF GAS MAIN,Days & Weekends,May  6 2021 12:00AM,May  6 2021 12:00AM,,,ONGOING SECTIONS TOPPED TO GRADE,985,877-304-1203,1,04
ALLSTON/BRIGHTON,WARREN ST,77,,,,,Extenet Systems,Commonwealth Construction,EXCA-1178461,SERVICE,INSTALLATION OF CONDUIT,Days & Weekends,May 11 2021 12:00AM,May 11 2021 12:00AM,,,ONGOING SECTIONS TOPPED TO GRADE,,978-758-0208,1,04
ALLSTON/BRIGHTON,MARKET ST,,,WASHINGTON ST,,,Eversource Electric,Eversource Electric,EMER-1178949,EMERGENCY,CABLE REPAIR,Days & Weekends,Apr 14 2021 12:00AM,May  1 2021 12:00AM,,,ONGOING SECTIONS TOPPED TO GRADE,,800-592-2000,1,04
ALLSTON/BRIGHTON,TREMONT,,,,,,Verizon,Anderson Excavation,EXCA-1174376,SERVICE,INSTALLATION OF CONDUIT,Days & Weekends,Apr 27 2021 12:00AM,Apr 30 2021 12:00AM,,,ONGOING SECTIONS TOPPED TO GRADE,31,800-446-8946,1,04
ALLSTON/BRIGHTON,UNDINE RD,9,49,LAKE ST,,,National Grid,Feeney Brothers Excavation,EXCA-1122833,NEW CONDUIT AND/OR MAIN,INSTALLATION OF GAS MAIN/IN PARKING LOT ON PRIVATE PROPERTY,Days & Weekends,Apr 29 2021 12:00AM,Jun  1 2021 12:00AM,,,ONGOING SECTIONS TOPPED TO GRADE,725,877-304-1203,1,04
ALLSTON/BRIGHTON,LAKE ST,30,36,,,,National Grid,Feeney Brothers Excavation,EXCA-1122832,NEW CONDUIT AND/OR MAIN,INSTALLATION OF GAS MAIN,Days & Weekends,Apr 29 2021 12:00AM,Jun  1 2021 12:00AM,,,DOWN IN BINDER,120,877-304-1203,1,04
ALLSTON/BRIGHTON,WASHINGTON ST,85,140,,,,National Grid,Feeney Brothers Excavation,EXCA-1153519,NEW CONDUIT AND/OR MAIN,INSTALLATION OF GAS MAIN,Days & Weekends,Apr 29 2021 12:00AM,Apr 29 2021 12:00AM,9,,PLATES PINNED & BERMED,610,877-304-1203,1,04
ALLSTON/BRIGHTON,WASHINGTON ST,3,7,,,,J Marchese & Sons,Cavalieri Construction,EXCA-1137468,NEW CONDUIT AND/OR MAIN,INSTALLATION OF WATER HYD DR CB FP 2 SEWE SERVICERS SEWER LINE,Days & Weekends,May 22 2021 12:00AM,May  1 2021 12:00AM,3,,PLATES PINNED & BERMED,130,617-389 5225,1,04
NORTH DORCHESTER,DORCHESTER AV,1110,,,BAY ST,SAVIN HILL AV,National Grid,Feeney Brothers Excavation,EXCA-1109743,NEW CONDUIT AND/OR MAIN,INSTALLATION OF GAS MAIN,Days & Weekends,May  7 2021 12:00AM,May  1 2021 12:00AM,3,,PLATES PINNED & BERMED,625,877-304-1203,1,03
NORTH DORCHESTER,DORCHESTER AV,1281,,,,,Comcast,P V Barone,EMER-0000000,EMERGENCY,SINKHOLE REPAIR,Days & Weekends,Mar 11 2021 12:00AM,May  1 2021 12:00AM,1,,PLATES PINNED & BERMED,,857-919-9355,1,03
NORTH DORCHESTER,CLIFTON ST,0,,,,,National Grid,Feeney Brothers Excavation,EXCA-1123491,CAPITAL,GAS MAIN TIE IN,Days & Weekends,Apr  1 2021 12:00AM,May 27 2021 12:00AM,,,ONGOING SECTIONS TOPPED TO GRADE,,877-304-1148,1,03
NORTH DORCHESTER,BATCHELDER ST,,,EAST COTTAGE ST,,,National Grid,Feeney Brothers Excavation,EXCA-1158029,NEW CONDUIT AND/OR MAIN,INSTALLATION OF GAS MAIN / ENCROACHMENT,Days & Weekends,Apr  1 2021 12:00AM,May  1 2021 12:00AM,,,BACKFILL & PAVE,18,877-304-1203,1,03
NORTH DORCHESTER,BURRELL ST,1,31,,,,National Grid,Feeney Brothers Excavation,EXCA-1121224,NEW CONDUIT AND/OR MAIN,INSTALLATION OF GAS MAIN,Days & Weekends,Apr 27 2021 12:00AM,Apr 30 2021 12:00AM,2,2,DOWN IN BINDER,495,877-304-1203,1,03
NORTH DORCHESTER,ALBION ST,1,99,,,,National Grid,Feeney Brothers Excavation,EXCA-1121207,NEW CONDUIT AND/OR MAIN,INSTALLATION OF GAS MAIN / SERVICES,Days & Weekends,May 29 2021 12:00AM,May  1 2021 12:00AM,,,ONGOING SECTIONS TOPPED TO GRADE,510,877-304-1203,1,03
NORTH DORCHESTER,COLUMBIA RD,688,,,,,Eversource Electric,Mirra Co,EMER-000000,EMERGENCY,CABLE REPAIR,Days & Weekends,Apr  7 2021 12:00AM,May  1 2021 12:00AM,,,ONGOING SECTIONS TOPPED TO GRADE,,800-592-2000,1,03
NORTH DORCHESTER,DUDLEY ST ,741,,,,,Boston Water & Sewer Commission,Metro Equipment Corp,EMER-1176044,EMERGENCY,LEAK ON SERVICE,Days & Weekends,Apr 13 2021 12:00AM,May  1 2021 12:00AM,,,ONGOING SECTIONS TOPPED TO GRADE,,617-989-7000,1,03
NORTH DORCHESTER,EAST COTTAGE ST,65,,,,,National Grid,Feeney Brothers Excavation,EXCA-1142548,SERVICE,INSTALLATION OF GAS SERVICE,Days & Weekends,May  7 2021 12:00AM,May  7 2021 12:00AM,2,,PLATES PINNED & BERMED,,877-304-1203,1,03
NORTH DORCHESTER,BOSTON ST,,,MAYHEW ST,,,Eversource Electric,Eversource Electric,EMER-1178947,EMERGENCY,CABLE REPAIR,Days & Weekends,Apr 14 2021 12:00AM,May  1 2021 12:00AM,,,ONGOING SECTIONS TOPPED TO GRADE,,800-592-2000,1,03
NORTH DORCHESTER,DORCHESTER AV,1534,,,,,National Grid,National Grid,EMER-1157255,EMERGENCY,GAS LEAK REPAIR,Days & Weekends,Apr 15 2021 12:00AM,May  1 2021 12:00AM,,,ONGOING SECTIONS TOPPED TO GRADE,,877-304-1203,1,03
NORTH DORCHESTER,NORWELL ST,239,,,,,Keash Excavating Inc,Keash Excavating Inc,EXCA-1158372,SERVICE,INSTALLATION OF WATER AND SEWER,Days & Weekends,Apr 30 2021 12:00AM,Apr 30 2021 12:00AM,0,,ONGOING SECTIONS TOPPED TO GRADE,,857-231-1171,1,03
NORTH DORCHESTER,SAVIN HILL AV,12,,,,,Verizon,Anderson,EXCA-1174343,NEW CONDUIT AND/OR MAIN,REPLACE CONDUIT,Days & Weekends,Apr 22 2021 12:00AM,May  1 2021 12:00AM,,,ONGOING SECTIONS TOPPED TO GRADE,179,800-446-8946,1,03
NORTH DORCHESTER,DORIS ST,0,,,,,Lorusso Corp,Lorusso Corp,EXCA-1126400,CAPITAL,TRENCH REPAIR,Days & Weekends,May 16 2021 12:00AM,May 16 2021 12:00AM,,,ONGOING SECTIONS TOPPED TO GRADE,,617-635-4000,1,03
NORTH DORCHESTER,MARSHFIELD ST,2,63,,,,National Grid,Feeney Brothers Excavation,EXCA-1134727,NEW CONDUIT AND/OR MAIN,INSTALLATION OF GAS MAIN,Days & Weekends,Jun 12 2021 12:00AM,Jun 12 2021 12:00AM,,,ONGOING SECTIONS TOPPED TO GRADE,872,877-304-1203,1,03
NORTH DORCHESTER,WAYLAND ST,92,,,,,Boston Water & Sewer Commission,Umbro & Sons Construction,EXCA-1047191,MAINTENANCE,CASTING REPAIRS,Days & Weekends,Nov 30 2021 12:00AM,Nov 30 2021 12:00AM,,,ONGOING SECTIONS TOPPED TO GRADE,,617-989-7000,1,03
NORTH DORCHESTER,COLUMBIA RD,516,,,,,Verizon,Danella Co,EXCA-1183191,MAINTENANCE,CONDUIT REPAIR,Days & Weekends,May 19 2021 12:00AM,May 19 2021 12:00AM,,,ONGOING SECTIONS TOPPED TO GRADE,,800-446-8946,1,03
NORTH DORCHESTER,PURITAN AV,19,,,,,Eversource Electric,Riley Brothers,EMER-1179345,EMERGENCY,MANHOLE OCCU,Days & Weekends,Apr 22 2021 12:00AM,May  1 2021 12:00AM,,,ONGOING SECTIONS TOPPED TO GRADE,,800-592-2000,1,03
NORTH DORCHESTER,QUINCY ST,486,,,,,National Grid,National Grid,EMER-1157270,EMERGENCY,GAS LEAK REPAIR,Days & Weekends,Apr 22 2021 12:00AM,May  1 2021 12:00AM,,,ONGOING SECTIONS TOPPED TO GRADE,,877-304-1203,1,03
NORTH DORCHESTER,OAKLEY ST,0,,,,,Eversource Electric,Riley Brothers,EMER-1179335,EMERGENCY,CABLE REPAIR,Days & Weekends,Apr 20 2021 12:00AM,May  1 2021 12:00AM,,,ONGOING SECTIONS TOPPED TO GRADE,,800-592-2000,1,03
NORTH DORCHESTER,WASHINGTON ST,530,,,,,National Grid,National Grid,EMER-1160729,EMERGENCY,GAS LEAK REPAIR,Days & Weekends,Apr 29 2021 12:00AM,Apr 29 2021 12:00AM,,,ONGOING SECTIONS TOPPED TO GRADE,,877-304-1203,1,03
NORTH DORCHESTER,COLUMBIA RD,151,,,,,Boston Water & Sewer Commission,BWSC,EMER-1176466,EMERGENCY,,Days & Weekends,Apr 26 2021 12:00AM,May  1 2021 12:00AM,,,ONGOING SECTIONS TOPPED TO GRADE,,617-989-7000,1,03
NORTH DORCHESTER,BATCHELDER ST,57,,,,,National Grid,National Grid,EXCA-1182335,SERVICE,INSTALLATION OF GAS SERVICE,Days & Weekends,May 19 2021 12:00AM,May 19 2021 12:00AM,,,ONGOING SECTIONS TOPPED TO GRADE,,877-304-1203,1,03
NORTH DORCHESTER,HOWARD AVE,95,,,,,National Grid,National Grid,EMER-,EMERGENCY,GAS LEAK REPAIR,Days & Weekends,,,2,,PLATES PINNED & BERMED,,877-304-1203,1,03
NORTH DORCHESTER,MT VERNON ST ,7,,,,,National Grid,National Grid,EMER-1160737,EMERGENCY,Grade 1 Gas Leak,Days & Weekends,May  1 2021 12:00AM,,2,,PLATES PINNED & BERMED,,877-304-1120,1,03
NORTH DORCHESTER,ALPHA RD,24,,,,,Comcast,PV Barone,EMER-1064864,EMERGENCY,CABLE REPAIR,Days & Weekends,Apr 29 2021 12:00AM,Apr 29 2021 12:00AM,,,ONGOING SECTIONS TOPPED TO GRADE,,857-919-9355,1,03
NORTH DORCHESTER,FOLSOM ST ,28,,,,,Boston Water & Sewer Commission,Metro Equipment Corp,EMER-1184883,EMERGENCY,Hydrant Repair,Days & Weekends,May  7 2021 12:00AM,,,,ONLY SIDEWALK,,617-989-7000,1,03
NORTH DORCHESTER,GENEVA AV,,,,,,National Grid,National Grid,EXCA-1180015,MAINTENANCE,GAS LEAK REPAIR,Days & Weekends,May 13 2021 12:00AM,May 13 2021 12:00AM,,,ONGOING SECTIONS TOPPED TO GRADE,,877-304-1203,1,03
NORTH DORCHESTER,PLEASANT ST,,,,,,National Grid,National Grid,EXCA-1180486,MAINTENANCE,GAS LEAK REPAIR,Days & Weekends,May 14 2021 12:00AM,May 13 2021 12:00AM,,,ONGOING SECTIONS TOPPED TO GRADE,,877-304-1203,1,03
NORTH DORCHESTER,HOWLAND ST,,,,,,National Grid,National Grid,EXCA-1170796,SERVICE,INSTALLATION OF GAS SERVICE,Days & Weekends,Jun  1 2021 12:00AM,Jun  1 2021 12:00AM,,,ONGOING SECTIONS TOPPED TO GRADE,,877-304-1203,1,03
NORTH DORCHESTER,PLEASANT ST,98,,,,,National Grid,National Grid,EXCA-1180486,,LEAK REPAIR,Days & Weekends,May 14 2021 12:00AM,,,,ONGOING SECTIONS TOPPED TO GRADE,,,,03
NORTH DORCHESTER,DUDLEY ST,494,,,,,National Grid,Feeney Brothers Excavation,EXCA-,NEW CONDUIT AND/OR MAIN,INSTALLATION OF GAS MAIN,Days & Weekends,,,3,,PLATES PINNED & BERMED,,877-304-1203,1,03
NORTH DORCHESTER,EAST COTTAGE ST,16,,,,,Eversource Electric,Riley Brothers,EMER-1179352,EMERGENCY,EMERGENCY CABLE REPAIR,Days & Weekends,May  5 2021 12:00AM,May  5 2021 12:00AM,,,ONGOING SECTIONS TOPPED TO GRADE,,1-617-989 70,1,03
NORTH DORCHESTER,EAST COTTAGE,16,,,,,Eversource Electric,riley bros,EMER-1179352,EMERGENCY,Emergency - Cable Repair,Days & Weekends,,,,,ONGOING SECTIONS TOPPED TO GRADE,,800-592-2000,1,03
NORTH DORCHESTER,HOMES AV,131,,,,,Verizon,Danella,EXCA-1185643,SERVICE,INSTALLATION OF CONDUIT,Days & Weekends,Jun  1 2021 12:00AM,Jun  1 2021 12:00AM,,,ONGOING SECTIONS TOPPED TO GRADE,,800-446-8946,1,03
NORTH DORCHESTER,GENEVA AV,342,,,,,National Grid,National Grid,EXCA-1180015,MAINTENANCE,GAS LEAK REPAIR,Days & Weekends,May 13 2021 12:00AM,May 13 2021 12:00AM,,,ONGOING SECTIONS TOPPED TO GRADE,,877-304-1203,1,03
JAMAICA PLAIN,CHESTNUT AV,,,GREEN ST,,,BWSC,Umbro & Sons,EXCA-1047189,MAINTENANCE,CASTING REPAIRS,Days & Weekends,May 11 2021 12:00AM,May 11 2021 12:00AM,,,,,617-989-7000,1,02
JAMAICA PLAIN,GREEN ST,65,,,CHESHIRE ST,CHESTNUT AV,Verizon,Danella,EXCA-1189751,NEW CONDUIT AND/OR MAIN,INSTALLATION OF CONDUIT,Days & Weekends,Jun  5 2021 12:00AM,Jun  5 2021 12:00AM,,,SAW CUTS,270,800-446-8946,1,02
JAMAICA PLAIN,MCBRIDE ST,141,,,,,Boston Water & Sewer Commission,Umbro & Sons Construction,EXCA-1047189,MAINTENANCE,CASTING REPAIRS,Days & Weekends,May 11 2021 12:00AM,May 11 2021 12:00AM,,,,,617-989-7000,1,02
JAMAICA PLAIN,GREEN ST,194,,,,,Extenet Systems,NEECC,EXCA-1179549,SERVICE,INSTALLATION OF CONDUIT,Days & Weekends,May 13 2021 12:00AM,May 13 2021 12:00AM,4,,PLATES PINNED & BERMED,,617-438 0692,1,02
JAMAICA PLAIN,MOSS HILL RD,28,,,,,Boston Water & Sewer Commission,Umbro & Sons,EXCA-1047189,MAINTENANCE,CASTING REPAIRS,Days & Weekends,May 11 2021 12:00AM,May 11 2021 12:00AM,,,ONGOING SECTIONS TOPPED TO GRADE,,617-989-7000,1,02
JAMAICA PLAIN,GREEN ST,197,,,,,C McGue,C McGue,EXCA-1172047,SERVICE,INSTALLATION OF FIRE SEWER DRAIN AND FIREPIPE,Days & Weekends,May 21 2021 12:00AM,May 21 2021 12:00AM,,,,,,1,02
JAMAICA PLAIN,ROCKWOOD ST,29,,,,,National Grid,Midway,EXCA-1133494,CAPITAL,INSTALLATION OF ENTRY PIT,Days & Weekends,May 11 2021 12:00AM,May 11 2021 12:00AM,4,,PLATES PINNED & BERMED,65,877-307-1203,1,02
JAMAICA PLAIN,CENTRE ST,662,,,,,Eversource Electric,Mirra Company Co.,EXCA-227466,MAINTENANCE,CASTING REPAIR,Days & Weekends,Dec 31 2021 12:00AM,Dec 31 2021 12:00AM,,,NO START,,978-758 0239,1,02
JAMAICA PLAIN,HOPKINS RD,2,,,,,National Grid,National Grid,EMER-1160722,EMERGENCY,GAS STOPPAGE,Days & Weekends,Apr 26 2021 12:00AM,May  1 2021 12:00AM,,,ONGOING SECTIONS TOPPED TO GRADE,,877-304-1203,1,02
JAMAICA PLAIN,SCHOOL ST,127,,,,,National Grid,National Grid,EMER-1157266,EMERGENCY,GAS LEAK REPAIR,Days & Weekends,Apr 20 2021 12:00AM,May  1 2021 12:00AM,,,NO START,,877-304-1203,1,02
JAMAICA PLAIN,SOUTH ST,,,MARTINWOOD ST,,,Boston Water & Sewer Commission,Umbro & Sons Construction,EXCA-1047185,MAINTENANCE,CASTING REPAIRS,Days & Weekends,Apr 23 2021 12:00AM,May  1 2021 12:00AM,,,ONGOING SECTIONS TOPPED TO GRADE,,617-989-7000,1,02
JAMAICA PLAIN,BROOKSIDE AV,120,,,,,Eversource Electric,Sheerin Construction,EXCA-1179011,SERVICE,INSTALLATION OF CONDUIT,Days & Weekends,May 11 2021 12:00AM,May 11 2021 12:00AM,,,ONGOING SECTIONS TOPPED TO GRADE,83,800-592-2000,1,02
JAMAICA PLAIN,PERKINS ST,32,,,,,National Grid,National Grid,EXCA-1175694,SERVICE,INSTALLATION OF GAS SERVICE,Days & Weekends,Apr 27 2021 12:00AM,Apr 30 2021 12:00AM,,,NO START,,877-304-1203,1,02
JAMAICA PLAIN,WILLIAMS ST,155,,,,,Boston Water & Sewer Commission,K & K Excavation,EXCA-1096971,CAPITAL,CONNECTION OF MAIN FROM FOREST HILL ST / ON HOLD,Days & Weekends,May  4 2021 12:00AM,May  4 2021 12:00AM,,,ONGOING SECTIONS TOPPED TO GRADE,25,617-989-7000,1,02
BOSTON PROPER,HIGH ST,10,125,,SUMMER ST,PEARL ST,Boston Water & Sewer Commission,RJV Construction Corp.,EXCA-1135146,NEW CONDUIT AND/OR MAIN,INSTALLATION OF WATER MAIN / BYPASS,Nights,May 15 2021 12:00AM,May 15 2021 12:00AM,13,2,PLATES PINNED & BERMED,300,617-989-7000,1,01F
BOSTON PROPER,HIGH ST,172,208,,OLIVER ST,PURCHASE ST,Boston Water & Sewer Commission,RJV Construction Corp.,EXCA-1135146,NEW CONDUIT AND/OR MAIN,INSTALLATION OF WATER & SEWER MAIN,Nights,May 15 2021 12:00AM,May 15 2021 12:00AM,3,,PLATES PINNED & BERMED,235,617-989-7000,1,01F
BOSTON PROPER,HIGH ST,190,,LEMAN PL,,,A Suffolk Engineering,A Suffolk Enginnering,EXCA-1172643,SERVICE,SEWER LATERAL REPAIR,Nights,Mar 28 2021 12:00AM,May  1 2021 12:00AM,3,,PLATES PINNED & BERMED,,617-593-4004,1,01F
BOSTON PROPER,TAI TUNG ST,,,HUDSON,,,Verizon,Danella Co,EXCA-1178911,SERVICE,INSTALLATION OF CONDUIT,Days & Weekends,May  8 2021 12:00AM,May  8 2021 12:00AM,,,ONGOING SECTIONS TOPPED TO GRADE,24,800-446-8946,1,01F
BOSTON PROPER,HUDSON ST,88,,TAI TUNG,,,Verizon,Danella Co,EXCA-1179037,SERVICE,INSTALLATION OF CONDUIT,Days & Weekends,May  8 2021 12:00AM,May  8 2021 12:00AM,,,ONGOING SECTIONS TOPPED TO GRADE,41,800-446-8946,1,01F
BOSTON PROPER,CONGRESS ST,50,,EXCHANGE PL,,,Boston Water & Sewer Commission,BWSC,EMER-0000000,MAINTENANCE,SERVICE REPAIR,Nights,Apr 10 2021 12:00AM,May  1 2021 12:00AM,3,,PLATES PINNED & BERMED,,617-989-7000,1,01F
BOSTON PROPER,WASHINGTON ST,425,,WINTER ST,,,Crown Castle,NEECC,EXCA-1179075,SERVICE,INSTALLATION OF NODE CABINET BASE AND CONDUIT,Weekends,May  9 2021 12:00AM,May  9 2021 12:00AM,,2,PLATES BERMED,,888-632-0931,1,01F
BOSTON PROPER,HUDSON ST,23,,,,,Comcast,Mirra Co,EXCA-1175349,SERVICE,CONDUIT REPLACEMENT,Days & Weekends,Apr 27 2021 12:00AM,Apr 27 2021 12:00AM,,,ONGOING SECTIONS TOPPED TO GRADE,60,857-919-9355,1,01F
BOSTON PROPER,NEW CHARDON ST,,,MERRIMAC ST,,,Eversource Electric,Riley Brothers,EMER-0000000,EMERGENCY,CABLE REPAIR,Days & Weekends,May  9 2021 12:00AM,May  9 2021 12:00AM,2,,PLATES PINNED & BERMED,,800-592-2000,1,01F
BOSTON PROPER,HARRISON AV,17,,,,,National Grid,National Grid,EXCA-1181746,MAINTENANCE,PATCH REPAIR,Days & Weekends,May 18 2021 12:00AM,May 18 2021 12:00AM,,,NO START,,877-304-1203,1,01F
BOSTON PROPER,CONGRESS ST,,,28 STATE ST,,,Eversource Electric,Mirra Co,EXCA-1165161,NEW CONDUIT AND/OR MAIN,INSTALLATION OF CONDUIT FOR CITY SIDEWALK SIGN,Weekends,May 18 2021 12:00AM,May 18 2021 12:00AM,,,ONGOING SECTIONS TOPPED TO GRADE,113,800-592-2000,1,01F
BOSTON PROPER,CONGRESS ST,,,HIGH ST,,,Verizon Wireless,Waveguide,EXCA-1178120,SERVICE,INSTALLATION OF CONDUIT & NODE/CHARLES CONTRACTING,Weekends,May  2 2021 12:00AM,May  2 2021 12:00AM,,,ONGOING SECTIONS TOPPED TO GRADE,28,800-852-2671,1,01F
BOSTON PROPER,MERRIMAC ST,0,,,,,J Derenzo,J Derenzo,EXCA-,NEW CONDUIT AND/OR MAIN,,Days & Weekends,May 16 2021 12:00AM,May 16 2021 12:00AM,,,ONGOING SECTIONS TOPPED TO GRADE,,508-508 4879,1,01F
BOSTON PROPER,CONGRESS ST,1,,NEW SUDBURY,,,J. Derenzo Company,J. Derenzo Company,EXCA-1179567,SERVICE,INSTALLATION OF WATER AND SEWER / CUT AND CAP,Weekends,May 16 2021 12:00AM,May 16 2021 12:00AM,3,,PLATES PINNED & BERMED,,508-508 4879,1,01F
BOSTON PROPER,SCHOOL ST,40,60,,,,Comcast,Mirra Co,EXCA-1050155,NEW CONDUIT AND/OR MAIN,INSTALLATION OF CONDUIT,Weekends,May 16 2021 12:00AM,May 16 2021 12:00AM,,,ONGOING SECTIONS TOPPED TO GRADE,125,857-919-9355,1,01F
BOSTON PROPER,HUNTINGTON AV ,216,,,,,Boston Water & Sewer Commission,Boston Water & Sewer Commi,EMER-1176472,EMERGENCY,CASTING REPAIR,Days & Weekends,Apr 29 2021 12:00AM,Apr 29 2021 12:00AM,,,ONGOING SECTIONS TOPPED TO GRADE,,617-989 7000,1,01F
BOSTON PROPER,HARRISON AV,115,,KNEELAND ST,,,Verizon Wireless,Trek,EXCA-1183834,SERVICE,INSTALL FIBER & BASE,Days & Weekends,May 25 2021 12:00AM,May 25 2021 12:00AM,,,ONGOING SECTIONS TOPPED TO GRADE,51,800-852-2671,1,01F
BOSTON PROPER,CHARLES SOUTH,68,80,,,,Verizon Wireless,MPS,EXCA-1178600,NEW CONDUIT AND/OR MAIN,INSTALLATION OF CONDUIT,Days & Weekends,May  9 2021 12:00AM,May  9 2021 12:00AM,1,,PLATES PINNED & BERMED,137,800-852-2671,1,01F
BOSTON PROPER,HUDSON ST,19,,,,,Eversource Electric,Eversource Electric,EXCA-1182010,SERVICE,SERVICE CONDUIT,Days & Weekends,May 20 2021 12:00AM,May 20 2021 12:00AM,,,ONGOING SECTIONS TOPPED TO GRADE,,800-592-2000,1,01F
BOSTON PROPER,DEVONSHIRE ST,85,,WATER ST,,,National Grid,National Grid,EXCA-752535,NEW CONDUIT AND/OR MAIN,CORROSION WORK,Weekends,May 19 2021 12:00AM,May 19 2021 12:00AM,,,ON HOLD,,877-304-1203,1,01F
BOSTON PROPER,FRANKLIN ST,60,,HAWLEY ST,,,AA Will Corp,AA Will Corp,EXCA-1177576,SERVICE,TEST PITS X 4,Weekends,Jun  6 2021 12:00AM,Jun  6 2021 12:00AM,,,TEMP TO GRADE,,,1,01F
BOSTON PROPER,LINCOLN ST,200,,,,,Verizon Wireless,NEECC,EXCA-1178609,NEW CONDUIT AND/OR MAIN,INSTALLATION OF CONDUIT,Days & Weekends,May 20 2021 12:00AM,May 20 2021 12:00AM,,,DOWN IN BINDER,95,617-438 0692,1,01F
BOSTON PROPER,FEDERAL ST,100,,FRANKLIN,,,Extenet,NEECC,EXCA-1182721,SERVICE,INSTALLATION OF DUAL HH,Days,May 27 2021 12:00AM,May 27 2021 12:00AM,,,ONGOING SECTIONS TOPPED TO GRADE,,617-438 0692,1,01F
BOSTON PROPER,WASHINGTON ST,505,,TEMPLE PL,,,Extenet,NEECC,EXCA-1180460,SERVICE,INSTALLATION OF DUAL HH,Weekends,May 16 2021 12:00AM,May 16 2021 12:00AM,,,5/8 START,,617-438 0692,1,01F
BOSTON PROPER,STATE ST,28,,,,,Eversource Electric,Mirra Co,EXCA-1165160,SERVICE,INSTALLATION OF CONDUIT,Weekends,May 14 2021 12:00AM,May 14 2021 12:00AM,,,START 5/1,60,800-592-2000,1,01F
BOSTON PROPER,NEW SUDBURY ST,50,,,,,Boston Water & Sewer Commission,BWSC,EMER-1176477,EMERGENCY,LEAK REPAIR,Days & Weekends,Apr 30 2021 12:00AM,Apr 30 2021 12:00AM,,,ONGOING SECTIONS TOPPED TO GRADE,,617-989-7000,1,01F
BOSTON PROPER,WINTER ST,15,,WASHINGTON ST,,,Eversource Electric,G Greene,EMER-1178951,EMERGENCY,CABLE REPAIR,Days & Weekends,May  1 2021 12:00AM,May 10 2021 12:00AM,3,,HARD WORK ZONE,,800-592-2000,1,01F
BOSTON PROPER,DEVONSHIRE ST,155,,,,,Verizon,Danella,EXCA-118278,MAINTENANCE,CASTING REPLACEMENT,Weekends,May 31 2021 12:00AM,May 31 2021 12:00AM,,,ONGOING SECTIONS TOPPED TO GRADE,,800-446 8946,1,01F
BOSTON PROPER,FRANKLIN ST,149,,,,,BWSC,C Naughton,EMER-1184880,EMERGENCY,SEWER REPAIR,Days & Weekends,May  5 2021 12:00AM,May  5 2021 12:00AM,,,ONGOING SECTIONS TOPPED TO GRADE,,1-800-592 20,1,01F
BOSTON PROPER,RIDGEWAY LN,21,,,,,Verizon,Danella,EXCA-1185859,MAINTENANCE,REPAIR CONDUIT,Days & Weekends,Jun  1 2021 12:00AM,Jun  1 2021 12:00AM,,,,,,1,01F
BOSTON PROPER,FRANKLIN ST,149,,,,,Boston Water & Sewer Commission,C Naughton Corp,EMER-1184880,EMERGENCY,Sewer Repair (Broken Sewer),Days & Weekends,May  5 2021 12:00AM,,,,ONGOING SECTIONS TOPPED TO GRADE,,617-989-7000,1,01F
BOSTON PROPER,WINTHROP SQ,10,,OTIS ST,,,Sean Farrell,Sean Farrell,EXCA-1126243,SERVICE,INSTALL WATER SERVICE / CUT AND CAP,Days & Weekends,May 15 2021 12:00AM,May 15 2021 12:00AM,3,,HARD WORK ZONE,,617-293 7660,1,01F
BOSTON PROPER,TREMONT ST,216,204,LAGRANGE,,,Crown Castle,Rosciti Construction,EXCA-1184278,SERVICE,INSTALLATION OF CONDUIT,Weekends,May 30 2021 12:00AM,May 30 2021 12:00AM,,,START 5/8,,857-919-9355,1,01F
BOSTON PROPER,SOUTH ST,,,,,,Boston Water & Sewer Commission,umbro,EXCA-117659,,WATER MAIN RELAY/ BYPASS/ SEWER,Days & Weekends,May 11 2021 12:00AM,May 11 2021 12:00AM,,,TEMP TO GRADE,350,,,01F
SOUTH END BACK BAY,HEMENWAY ST,100,,,,,Verizon,Danella,EXCA-1189572,MAINTENANCE,CONDUIT REPAIR,Days & Weekends,Jun  5 2021 12:00AM,Jun  5 2021 12:00AM,,,ONGOING SECTIONS TOPPED TO GRADE,,,1,01C
SOUTH END/BACK BAY,COLUMBUS AV,,,,,,Eversource Electric,Eversource Electric,EMER-0000000,EMERGENCY,Emergency - Cable Repair,Days & Weekends,May  5 2021 12:00AM,May  5 2021 12:00AM,,,ONGOING SECTIONS TOPPED TO GRADE,,1-800-592 20,1,01C
SOUTH END/BACK BAY,WEST SPRINGFIELD,,,566 COLUMBUS AV,,,J Derenzo,J Derenzo,EXCA-1181192,SERVICE,SEWER LAT TIE IN,Days & Weekends,May 23 2021 12:00AM,May 23 2021 12:00AM,2,,HARD WORK ZONE,,,1,01C
SOUTH END/BACK BAY,EAST BERKELEY ST,266,,,,,Boston Water & Sewer Commission,Boston Water & Sewer Commi,EMER-1176484,EMERGENCY,Water Main Repair (Leak on Main),Days & Weekends,May  5 2021 12:00AM,May  5 2021 12:00AM,,,ONGOING SECTIONS TOPPED TO GRADE,,1-617-989 70,1,01C
SOUTH END/BACK BAY,NEWBURY ST,,,MASS AV,,,Extenet Systems,NEECC,EMER-0000000,EMERGENCY,CABLE REPAIR,Days & Weekends,Apr 30 2021 12:00AM,Apr 30 2021 12:00AM,,,ONGOING SECTIONS TOPPED TO GRADE,,978-758-0208,1,01C
SOUTH END/BACK BAY,EAST NEWTON ST,,,HARRISON AV,,,Boston Water & Sewer Commission,D'Allessandro,EXCA-1079816,NEW CONDUIT AND/OR MAIN,INSTALLATION OF SEWER AND DRAIN,Days & Weekends,May 21 2021 12:00AM,May 21 2021 12:00AM,8,,PLATES PINNED & BERMED,,617-989 7000,1,01C
SOUTH END/BACK BAY,COMMONWEALTH AV,35,,,,,Cavalieri Construction,Cavalieri Construction,EMER-0000000,EMERGENCY,FIREPIPE REPAIR,Days & Weekends,Apr 30 2021 12:00AM,Apr 30 2021 12:00AM,,,ONGOING SECTIONS TOPPED TO GRADE,,508-508 4879,1,01C
SOUTH END/BACK BAY,HARRISON AV,530,,,,,Vicinity Energy Co,Vicinity Energy,EMER-1064059,EMERGENCY,STEAM LEAK REPAIR,Days & Weekends,Apr 30 2021 12:00AM,May 15 2021 12:00AM,1,,PLATES PINNED & BERMED,,617-482 8232,1,01C
SOUTH END/BACK BAY,WEST NEWTON ST ,116,,,,,Boston Water & Sewer Commission,Boston Water & Sewer Commi,EMER-1176475,EMERGENCY,Control Locate (Leak on Service),Days & Weekends,Apr 29 2021 12:00AM,Apr 29 2021 12:00AM,,,ONGOING AFTER HOURS,,617-989 7000,1,01C
SOUTH END/BACK BAY,E BERKELEY ST,,,VILLAGE CT,,,National Grid,National Grid,EXCA-1176774,MAINTENANCE,GAS LEAK REPAIR,Days & Weekends,May  1 2021 12:00AM,May  1 2021 12:00AM,,,NO START,,877-304-1203,1,01C
SOUTH END/BACK BAY,WARREN ST,143,,,,,LVMJ,LVMJ,EXCA-1145726,SERVICE,INSTALLATION OF FIREPIPE / CUT AND CAP,Days & Weekends,May  4 2021 12:00AM,May  4 2021 12:00AM,,,TEMP TO GRADE,,617-719 1902,1,01C
SOUTH END/BACK BAY,WEST NEWTON ST,126,,,,,Vicinity Energy Co,Bond Brothers Inc.,EMER-1064058,EMERGENCY,STEAM LEAK REPAIR,Days & Weekends,May  4 2021 12:00AM,May  4 2021 12:00AM,2,,HARD WORK ZONE,,617-482 8232,1,01C
SOUTH END/BACK BAY,BOYLSTON ST,,,,,,National Grid,National Grid,EMER-1160738,EMERGENCY,Grade 1 Gas Leak,Days & Weekends,May  4 2021 12:00AM,May  4 2021 12:00AM,2,,PLATES PINNED & BERMED,,877-304-1203,1,01C
SOUTH END/BACK BAY,ESSEX ST,,,SURFACE HWY,,,"TC Systems, Inc. ",Waveguide Inc,EMER-1,EMERGENCY,Emergency - Service Outage,Days & Weekends,May  4 2021 12:00AM,May  4 2021 12:00AM,,,ONGOING SECTIONS TOPPED TO GRADE,,1-339-927 40,1,01C
SOUTH END BACK BAY,MASS AV,,,NEWBURY ST,,,Extenet Systems,New England Electrical Con,EMER-000000,EMERGENCY,Service Outage,Days & Weekends,Apr 27 2021 12:00AM,Apr 27 2021 12:00AM,,,ONGOING SECTIONS TOPPED TO GRADE,,978-758-0208,1,01C
SOUTH END/BACK BAY,BOYLSTON ST,777,,FAIRFIELD ST,,,National Grid,National Grid,EMER-1160731,EMERGENCY,GAS LEAK REPAIR,Days & Weekends,Apr 29 2021 12:00AM,Apr 29 2021 12:00AM,3,,PLATES PINNED & BERMED,,877-304-1203,1,01C
SOUTH END/BACK BAY,DALTON ST,,,MASS AV,,,Crown Castle,Phoenix Communications Inc,EMER-1134125,EMERGENCY,Emergency - Service Outage,Days & Weekends,Apr 28 2021 12:00AM,,,,ONGOING SECTIONS TOPPED TO GRADE,,888-632 0931,1,01C
SOUTH END/BACK BAY,WEST NEWTON ST,126,,,,,Vicinity Energy Co,Bond Brothers Inc.,EMER-1064458,EMERGENCY,LEAK ON SERVICE / VENTING STACK,Days & Weekends,Apr 29 2021 12:00AM,Apr 29 2021 12:00AM,,,5/3 START,,617-482 8232,1,01C
SOUTH END/BACK BAY,TREMONT ST,725,,,,,National Grid,National Grid,EMER-1160728,EMERGENCY,GAS LEAK REPAIR,Days & Weekends,Apr 29 2021 12:00AM,Apr 29 2021 12:00AM,,,ONGOING SECTIONS TOPPED TO GRADE,,877-304-1203,1,01C
SOUTH END/BACK BAY,NEWBURY ST,,,,,,Extenet Systems,New England Electrical Con,EMER-000000,EMERGENCY,CABLE REPAIR,Days & Weekends,Apr 29 2021 12:00AM,Apr 29 2021 12:00AM,,,ONGOING SECTIONS TOPPED TO GRADE,,978-758-0208,1,01C
SOUTH END/BACK BAY,COMMONWEALTH AV,51,,,,,National Grid,National Grid,EXCA-1175653,MAINTENANCE,CORROSION WORK,Days & Weekends,Apr 27 2021 12:00AM,Apr 30 2021 12:00AM,3,,PLATES PINNED & BERMED,,877-304-1203,1,01C
SOUTH END/BACK BAY,TREMONT ST,548,,WALTHAM,,,National Grid,National Grid,EXCA-1180301,MAINTENANCE,GRADE 2 LEAK REPAIR,Days & Weekends,May 14 2021 12:00AM,May 14 2021 12:00AM,,,NO START,,877-304-1203,1,01C
SOUTH END/BACK BAY,TREMONT ST,775,,MASS AV,,,National Grid,National Grid,EXCA-1180316,MAINTENANCE,GRADE 2 LEAK REPAIR,Days & Weekends,May 14 2021 12:00AM,May 14 2021 12:00AM,,,NO START,,877-304-1203,1,01C
SOUTH END/BACK BAY,SHAWMUT AV,231,,DWIGHT ST,,,National Grid,National Grid,EMER-1157273,EMERGENCY,GAS LEAK REPAIR,Days & Weekends,Apr 23 2021 12:00AM,May  1 2021 12:00AM,2,,PLATES PINNED & BERMED,,877-304-1203,1,01C
SOUTH END/BACK BAY,ST JAMES AV,100,,CLARENDON ST,,,Extenet,NEECC,EXCA-1181413,SERVICE,INSTALLATION OF HANDHOLE,Days & Weekends,May 21 2021 12:00AM,May 21 2021 12:00AM,,,ONGOING SECTIONS TOPPED TO GRADE,,978-758-0208,1,01C
SOUTH END/BACK BAY,COLUMBUS AV,566,,MASS AV,,,J. Derenzo Company,J. Derenzo Company,EXCA-1181192,CAPITAL,CUT & CAP X 2,Weekends,May 23 2021 12:00AM,May 23 2021 12:00AM,2,,PLATES PINNED & BERMED,,508-508 4879,1,01C
SOUTH END/BACK BAY,CONCORD SQ,37,,,,,National Grid,National Grid,EXCA-1179063,MAINTENANCE,GAS LEAK REPAIR,Days & Weekends,May  1 2021 12:00AM,May  1 2021 12:00AM,,,NO START,,877-304-1203,1,01C
SOUTH END/BACK BAY,HARRISON AV,790,,,,,National Grid,National Grid,EMER-104914,EMERGENCY,GAS LEAK REPAIR,Days & Weekends,Apr 13 2021 12:00AM,May 10 2021 12:00AM,2,,PLATES PINNED & BERMED,,877-304-1203,1,01C
SOUTH END/BACK BAY,HARRISON AV,530,,,,,National Grid,National Grid,EXCA-1155293,MAINTENANCE,GRADE 2 LEAK REPAIR,Days & Weekends,May  1 2021 12:00AM,May  1 2021 12:00AM,,,NO START,,877-304-1203,1,01C
SOUTH END/BACK BAY,BERKELEY ST,200,,ST JAMES ST,,,Verizon,Danella Co,EXCA-1177178,NEW CONDUIT AND/OR MAIN,INSTALLATION OF CONDUIT / MPS,Nights,May  5 2021 12:00AM,May  5 2021 12:00AM,,,DOWN IN BINDER,350,800-446-8946,1,01C
SOUTH END/BACK BAY,BOYLSTON ST,885,,GLOUCESTER ST,,,Extenet Systems,NEECC,EXCA-1172679,SERVICE,INSTALLATION OF CONDUIT,Weekends,May  9 2021 12:00AM,May  9 2021 12:00AM,,,ONGOING SECTIONS TOPPED TO GRADE,,978-758-0208,1,01C
SOUTH END/BACK BAY,CHANDLER ST,67,,,,,National Grid,National Grid,EXCA-1175719,MAINTENANCE,GRADE 2 LEAK REPAIR,Days & Weekends,Apr 27 2021 12:00AM,May  5 2021 12:00AM,,,NO START,,877-304-1203,1,01C
SOUTH END/BACK BAY,BRADDOCK PK,0,,CARLETON ST,,,Verizon Wireless,New England Electrical Con,EXCA-1147292,NEW CONDUIT AND/OR MAIN,INSTALLATION OF CONDUIT / ON HOLD,Days & Weekends,Feb  2 2021 12:00AM,May 15 2021 12:00AM,,,ONGOING SECTIONS TOPPED TO GRADE,150,800-852-2671,1,01C
SOUTH END/BACK BAY,ALBANY ST,679,750,,EAST NEWTON ST,EAST CONCORD ST,National Grid,Feeney Brothers Excavation,EXCA-1084945,NEW CONDUIT AND/OR MAIN,INSTALLATION OF GAS MAIN,Days & Weekends,May 18 2021 12:00AM,May 18 2021 12:00AM,7,,PLATES PINNED & BERMED,585,877-304-1203,1,01C
SOUTH END/BACK BAY,HARRISON AV,354,,,,,Verizon Wireless,NEECC,EXCA-1147313,NEW CONDUIT AND/OR MAIN,INSTALLATION OF CONDUIT AND CABINET,Days & Weekends,May 20 2021 12:00AM,May  1 2021 12:00AM,,2,PLATES BERMED,93,800-852-2671,1,01C
SOUTH END/BACK BAY,ALBANY ST,611,710,EAST NEWTON ST,,,National Grid,National Grid,EXCA-1096420,NEW CONDUIT AND/OR MAIN,INSTALLATION OF GAS MAIN / SERVICES,Days & Weekends,May  4 2021 12:00AM,May  4 2021 12:00AM,,,ONGOING SECTIONS TOPPED TO GRADE,600,877-304-1203,1,01C
SOUTH END/BACK BAY,NEWBURY ST,345,420,MASS PIKE RAMP,,,J. Derenzo Company,J. Derenzo Company,EXCA-1103596,SERVICE,INSTALLATION OF SEWER AND CONDUIT,Days & Weekends,May 15 2021 12:00AM,May 15 2021 12:00AM,,,HARD WORK ZONE,,508-509-4879,1,01C
SOUTH END/BACK BAY,ARLINGTON ST,,,,BOYLSTON ST,ST JAMES ST,MBTA,Middlesex,EXCA-1011792,CAPITAL,INSTALLATION OF DUCTBANK,Nights & Weekends,May 30 2021 12:00AM,May 30 2021 12:00AM,2,,HARD WORK ZONE,,978-339-3417,1,01C
NORTH END/BEACON HILL,DERNE ST,4,28,,HANCOCK ST,BOWDOIN ST,Boston Water & Sewer Commission,D'Allessandro Corp,EXCA-1044656,NEW CONDUIT AND/OR MAIN,INSTALLATION OF WATER DRAIN AND BYPASS,Days & Weekends,May 13 2021 12:00AM,May 13 2021 12:00AM,2,,PLATES PINNED & BERMED,400,617-989-7000,1,01B
NORTH END/BEACON HILL,CAUSEWAY ST,,,PORTLAND,,,MBTA,McCourt Construction,EXCA-965160,CAPITAL,INSTALLATION OF TRANSMISSION LINE / MANHOLE RECON,Days & Weekends,May  8 2021 12:00AM,May  8 2021 12:00AM,,,ONGOING SECTIONS TOPPED TO GRADE,,617-222-5546,1,01B
NORTH END/BEACON HILL,BOWDOIN ST,,,DERNE ST,,,Boston Water & Sewer Commission,D'Allessandro Corp,EXCA-1079157,NEW CONDUIT AND/OR MAIN,INSTALLATION OF DRAIN RELAY & MH,Days & Weekends,May 13 2021 12:00AM,May 13 2021 12:00AM,3,,PLATES PINNED & BERMED,1100,617-989-7000,1,01B
NORTH END/BEACON HILL,FULTON ST,84,185,,RICHMOND ST,LEWIS ST,National Grid,Feeney Brothers Excavation,EXCA-1094006,NEW CONDUIT AND/OR MAIN,INSTALLATION OF GAS MAIN,Days & Weekends,May  1 2021 12:00AM,May  1 2021 12:00AM,,,DOWN IN BINDER,485,877-304-1203,1,01B
NORTH END/BEACON HILL,IRVING ST,6,58,,CAMBRIDGE ST,REVERE ST,National Grid,Feeney Brothers Excavation,EXCA-1128616,NEW CONDUIT AND/OR MAIN,INSTALLATION OF GAS MAIN / TEST PITS,Days & Weekends,May  1 2021 12:00AM,May  1 2021 12:00AM,5,,PLATES PINNED & BERMED,517,877-304-1203,1,01B
NORTH END/BEACON HILL,TEMPLE ST,4,60,,DERNE ST,CAMBRIDGE ST,National Grid,Feeney Brothers Excavation,EXCA-1172867,NEW CONDUIT AND/OR MAIN,INSTALLATION OF GAS MAIN / SERVICES,Days & Weekends,May 17 2021 12:00AM,May 17 2021 12:00AM,7,,PLATES PINNED & BERMED,575,877-304-1203,1,01B
NORTH END/BEACON HILL,REVERE ST,,,,IRVING,GARDEN,National Grid,Feeney Brothers Excavation,EXCA-1132653,NEW CONDUIT AND/OR MAIN,INSTALLATION OF GAS MAIN AND TIE IN,Days & Weekends,May  9 2021 12:00AM,May  9 2021 12:00AM,2,,PLATES PINNED & BERMED,125,877-304-1203,1,01B
NORTH END/BEACON HILL,BLOSSOM ST,16,,CAMBRIDGE,,,Verizon Wireless,NEECC,EXCA-1058983,NEW CONDUIT AND/OR MAIN,INSTALLATION OF CONDUIT,Weekends,May  9 2021 12:00AM,May  9 2021 12:00AM,,,ONGOING SECTIONS TOPPED TO GRADE,167,800-852-2671,1,01B
NORTH END/BEACON HILL,FRIEND ST,232,,,,,Eversource Electric,Mirra Co,EXCA-1182097,SERVICE,INSTALLATION OF SERVICE CONDUIT,Days & Weekends,May 20 2021 12:00AM,May 20 2021 12:00AM,5,,PLATES PINNED & BERMED,,800-592-2000,1,01B
NORTH END/BEACON HILL,HANCOCK ST,5,75,,CAMBRIDGE,MT VERNON,Boston Water & Sewer Commission,D'Allessandro Corp,EXCA-1178655,NEW CONDUIT AND/OR MAIN,INSTALLATION OF WATER AND DRAIN,Days & Weekends,May 11 2021 12:00AM,May 11 2021 12:00AM,,15,PLATES BERMED,1250,617-989-7000,1,01B
NORTH END/BEACON HILL,CHARLES ST,69,75,,,,National Grid,National Grid,EXCA-1180864,NEW CONDUIT AND/OR MAIN,INSTALLATION OF GAS MAIN,Days & Weekends,May 15 2021 12:00AM,May 15 2021 12:00AM,2,,PLATES PINNED & BERMED,34,877-304-1203,1,01B
NORTH END/BEACON HILL,MT VERNON ST,31,39,,HANCOCK ST,JOY ST,Boston Water & Sewer Commission,D'Allessandro Corp,EXCA-1178657,NEW CONDUIT AND/OR MAIN,INSTALLATION OF WATER MAIN,Days & Weekends,May 11 2021 12:00AM,May 11 2021 12:00AM,,,SAWCUTS,150,617-989-7000,1,01B
NORTH END/BEACON HILL,ENDICOTT ST,149,,,,,CAMDELE,CAMDELE,EMER-,EMERGENCY,SEWER REPAIR,Days & Weekends,Apr 23 2021 12:00AM,May  1 2021 12:00AM,,,ONGOING SECTIONS TOPPED TO GRADE,,877-304-1203,1,01B
NORTH END/BEACON HILL,HANOVER AV,,,,,,Crown Castle,Maverick Construction,EXCA-1179814,SERVICE,INSTALLATION OF CONDUIT,Days & Weekends,May 17 2021 12:00AM,May 17 2021 12:00AM,,,NO START,25,888-632-0931,1,01B
NORTH END/BEACON HILL,NORTH MARGIN ST,41,,,,,Metro Equipment,Kealey Excavation,EXCA-1179053,SERVICE,CUT & CAP (2)/NEW SEWER AND FIRPIPE AND WATER,Days & Weekends,Apr 29 2021 12:00AM,May 10 2021 12:00AM,,,ONGOING SECTIONS TOPPED TO GRADE,,877-304-1203,1,01B
NORTH END/BEACON HILL,NORTH WASHINGTON ST,111,,THATCHER,,,National Grid,National Grid,EXCA-1184488,MAINTENANCE,CORROSION WORK,Days & Weekends,May 30 2021 12:00AM,May 30 2021 12:00AM,,,NO START,,877-304-1203,1,01B
NORTH END/BEACON HILL,SOMERSET ST,0,,ASHBURTON PL,,,Comcast,PV Barone,EXCA-1184513,MAINTENANCE,INSTALL OF CONDUIT CONDUIT @ COURTHOUSE,Days & Weekends,May 22 2021 12:00AM,May 22 2021 12:00AM,,,ONGOING SECTIONS TOPPED TO GRADE,,857-919-9355,1,01B
NORTH END/BEACON HILL,GROVE ST,49,,,,,Verizon,Danella,EXCA-1172863,NEW CONDUIT AND/OR MAIN,INSTALLATION OF CONDUIT,Days & Weekends,Jun  1 2021 12:00AM,Jun  1 2021 12:00AM,,,NO START,187,800-446 8946,1,01B
NORTH END/BEACON HILL,GROVE ST,49,,REVERE,,,Verizon,Danella,EXCA-1172863,NEW CONDUIT AND/OR MAIN,INSTALLATION OF CONDUIT,Days & Weekends,Jun  1 2021 12:00AM,Jun  1 2021 12:00AM,,,5/10 START,187,800-446 8946,1,01B
NORTH END/BEACON HILL,CAMBRIDGE ST,272,,ANDERSON,,,Verizon,Danella,EXCA-1185785,MAINTENANCE,INSTALL CONDUIT,Days & Weekends,Jun  1 2021 12:00AM,Jun  1 2021 12:00AM,,,START 5/4,,800-446 8946,1,01B
NORTH END/BEACON HILL,CAMBRIDGE ST,242,,GARDEN,,,Verizon,Danella,EXCA-1185700,SERVICE,INSTALL CONDUIT,Days & Weekends,Jun  1 2021 12:00AM,Jun  1 2021 12:00AM,,,SAW CUTS,25,800-446 8946,1,01B
NORTH END/BEACON HILL,COMMERCIAL ST,4,,,,,Verizon,Danella,EXCA-1185841,SERVICE,INSTALLATION OF CONDUIT,Days & Weekends,Jun  1 2021 12:00AM,Jun  1 2021 12:00AM,,,NO START,56,800-446 8946,1,01B
NORTH END/BEACON HILL,RIDGEWAY LN,21,,,,,Verizon,Danella,EXCA-1185859,MAINTENANCE,REPLACE CONDUIT,Days & Weekends,,,,,START 5/10,,800-446-8946,1,01B
NORTH END/BEACON HILL,PRINCE ST,97,,THATCHER ST,,,National Grid,National Grid,EMER-1160740,EMERGENCY,GRADE 1 GAS LEAK,Days & Weekends,May  5 2021 12:00AM,May  5 2021 12:00AM,3,,ONGOING AFTER HOURS,,877-304-1203,1,01B
NORTH END/BEACON HILL,GARDEN ST,1,19,CAMBRIDGE ST,,,Verizon,Danella,EXCA-1185703,NEW CONDUIT AND/OR MAIN,INSTALLATION OF CONDUIT,Days & Weekends,Jun  1 2021 12:00AM,Jun  1 2021 12:00AM,,,SAW CUTS,125,800-446-8946,1,01B
CHARLESTOWN,MAIN ST,313,,,,,National Grid,National Grid,EMER-1160741,MAINTENANCE,GAS LEAK REPAIR,Days & Weekends,May  6 2021 12:00AM,May  6 2021 12:00AM,,,DOWN IN BINDER,,877-304-1203,1,01A
CHARLESTOWN,CAMBRIDGE ST,32,,,SPICE ST,MAFFA WY,National Grid,National Grid,EMER-1160739,EMERGENCY,GAS LEAK REPAIR,Days & Weekends,May  4 2021 12:00AM,May  4 2021 12:00AM,2,,PLATES PINNED & BERMED,,877-304-1203,1,01A
CHARLESTOWN,CAMBRIDGE ST,,,93 OFF RAMP,,,National Grid,National Grid,EMER-1160735,EMERGENCY,Grade 1 Gas Leak,Days & Weekends,May  3 2021 12:00AM,May  3 2021 12:00AM,,,ONGOING SECTIONS TOPPED TO GRADE,,877-304-1203,1,01A
CHARLESTOWN,ALFORD ST,66,,,,,Everosurce Electric,Sheerin Construction,EMER-1179371,EMERGENCY,MH REPAIR,Days & Weekends,Apr 30 2021 12:00AM,Apr 30 2021 12:00AM,,2,MEDIAN PLATE,,617-989-7000,1,01A
CHARLESTOWN,HIGH ST,129,,CARLY PL,,,National Grid,National Grid,EXCA-1122948,MAINTENANCE,CORROSION WORK,Days & Weekends,May 13 2021 12:00AM,May 13 2021 12:00AM,1,,PLATES PINNED & BERMED,,877-304-1203,1,01A
CHARLESTOWN,CAMBRIDGE ST,55,,,,,National Grid,National Grid,EMER-1160733,EMERGENCY,GAS LEAK REPAIR,Days & Weekends,Apr 30 2021 12:00AM,Apr 30 2021 12:00AM,,,ONGOING SECTIONS TOPPED TO GRADE,,877-304-1203,1,01A
CHARLESTOWN,DORRANCE ST,10,,,ARLINGTON AV,MAIN ST,Comcast,Mirra Co,EXCA-1185276,NEW CONDUIT AND/OR MAIN,INSTALLATION OF CONDUIT AND 2 MANHOLES,Days & Weekends,May 29 2021 12:00AM,May 29 2021 12:00AM,,,DOWN IN BINDER,150,857-919-9355,1,01A
CHARLESTOWN,RUTHERFORD AV,500,,HOOD PK,,,AJ Welch,AJ Welch,EXCA-1123938,SERVICE,CUT AND CAP,Days & Weekends,May 15 2021 12:00AM,May 15 2021 12:00AM,2,,PLATES PINNED & BERMED,,617-590 7035,1,01A
CHARLESTOWN,CAMBRIDGE ST,,,SPICE ST,,,National Grid,National Grid,EMER-1160726,EMERGENCY,GAS LEAK REPAIR,Days & Weekends,Apr 29 2021 12:00AM,Apr 29 2021 12:00AM,,,ONGOING SECTIONS TOPPED TO GRADE,,1-877-304 12,1,01A
CHARLESTOWN,RUTHERFORD AV,437,,,,,Boston Water & Sewer Commission,Boston Water & Sewer Commi,EMER-1176473,EMERGENCY,SEWER REPAIR,Days & Weekends,Apr 29 2021 12:00AM,Apr 29 2021 12:00AM,,,ONGOING SECTIONS TOPPED TO GRADE,,617-989 7000,1,01A
CHARLESTOWN,CONSTITUTION,,,WARREN,,,Crown Castle,Phoenix Communications,EXCA-1179473,NEW CONDUIT AND/OR MAIN,INSTALLATION OF MICROTRENCH CONDUIT AND HANDHOLE,Days & Weekends,May 13 2021 12:00AM,May 13 2021 12:00AM,,,TEMP TO GRADE,208,888-632-0931,1,01A
CHARLESTOWN,MEDFORD ST,90,,,,,National Grid,National Grid,EXCA-1180523,MAINTENANCE,GAS LEAK REPAIR,Days & Weekends,May 14 2021 12:00AM,May 14 2021 12:00AM,,,NO START,,877-304-1203,1,01A
CHARLESTOWN,ARLINGTON AV,,,,ALFORD ST,DORRANCE ST,Comcast,Mirra Co,EXCA-1180659,NEW CONDUIT AND/OR MAIN,INSTALLATION OF CONDUIT AND 2 MANHOLES,Days & Weekends,May 18 2021 12:00AM,May 18 2021 12:00AM,,,DOWN IN BINDER,500,857-919-9355,1,01A
CHARLESTOWN,PEARL ST,67,,,,,National Grid,National Grid,EXCA-1178281,SERVICE,GAS SERVICE RELAY,Days & Weekends,May  7 2021 12:00AM,May  7 2021 12:00AM,,,NO START,,877-304-1203,1,01A
CHARLESTOWN,PEARL ST,30,,,,,National Grid,National Grid,EXCA-1177804,SERVICE,CORROSION WORK,Days & Weekends,May  6 2021 12:00AM,May  6 2021 12:00AM,,,NO START,,877-304-1203,1,01A
CHARLESTOWN,WINTHROP ST,9,,,,,National Grid,National Grid,EXCA-1128069,MAINTENANCE,CORROSION WORK,Days & Weekends,May 20 2021 12:00AM,May 20 2021 12:00AM,,,NO START,,877-304-1203,1,01A
CHARLESTOWN,MEDFORD ST,320,,ALLSTON,,,National Grid,National Grid,EXCA-1182180,MAINTENANCE,CORROSION WORK,Days & Weekends,May 20 2021 12:00AM,May 20 2021 12:00AM,,,NO START,,877-304-1203,1,01A
CHARLESTOWN,CAMBRIDGE ST,,,I 93 off RAMP,,,National Grid,National Grid,EXCA-1178309,EMERGENCY,GAS LEAK REPAIR / FEENEY PLATES,Nights,May 15 2021 12:00AM,May 15 2021 12:00AM,,,ONGOING SECTIONS TOPPED TO GRADE,,877-304-1203,1,01A
